7719_GENEID,9606_GENEID
100186942,64102
100180591,8813
100184076,2519
778705,4800
100178916,90529
100180839,22875
100176888,51056
100176070,8379
619240,3927
100177967,57679
100183392,55471
100182475,10181
100181041,9108
100182371,9108
100182217,381
100180438,26073
100181027,204
100187100,23028
100182475,10180
100177796,84254
100187076,5965
100177781,115703
100181042,4706
100185085,5166
100177840,51364
100184731,340273
100180385,340273
100181858,3052
445782,1856
100175993,8935
100181341,5439
778683,4222
100170070,3980
100180230,4353
100177208,26224
100183844,26224
100178689,3683
100182403,3683
100185085,5164
100178689,3675
100182403,3675
100178689,3674
100182403,3674
100181883,163
100184767,221
100182755,221
100176963,221
100183764,221
778863,9855
100180555,1352
778908,27072
100176604,414
100182594,10942
100180225,5048
100183093,79090
100186976,9254
100175389,9091
100183540,2328
100175601,6853
100184330,728642
100181174,65220
778958,7021
778538,7021
778538,83741
778958,83741
100187183,4257
445728,6482
100185837,5310
100180686,23542
100178586,7095
104266244,51534
778682,51085
100183174,51603
778814,7756
100178222,83930
100181380,83930
100184268,51533
100182608,51533
100183540,2326
100182348,6924
100176419,9902
100183802,55727
100175566,54902
100180112,5286
100184096,54443
100175874,54814
100186020,60481
100175841,55148
100184190,5704
100184742,5238
100187049,23357
100169999,9604
100177419,1774
104265585,1774
100183714,9052
100176080,55
100182371,10903
100181041,10903
100179184,1355
113474371,10138
100187074,10771
619275,64132
100175427,64132
100178779,64132
100176052,81551
100184261,23386
108949270,23386
445793,3670
100183857,55349
100176515,1179
100176515,22802
100177154,92745
445774,92745
100169994,22902
100175580,8540
100184687,63932
778762,6591
100170063,4331
100185652,4361
100177232,58473
100178418,6683
100187015,9921
100178511,55778
100185471,4719
100181245,51022
100176285,51071
100176230,11171
100175200,51177
100180665,58528
100179323,11231
100175966,7431
100174990,7431
113473986,4285
497238,5452
778541,56938
100181797,51106
778718,3149
100183575,578
100177781,57514
100183239,6301
108950774,10908
100181294,8100
100170053,55596
100185135,10061
100181649,2530
100184175,2530
104265699,2530
100178444,11345
100185947,84908
100185663,7414
100175927,23604
100184699,55773
751577,26009
100175749,51121
100182449,84245
100180383,4234
100169664,999
100182540,23517
100169994,9765
100185181,79567
778765,11063
100182525,54908
778849,27067
100187335,1497
100183291,90326
100185181,140876
100175013,55775
100177966,84883
100186319,84883
100177003,84883
100177966,84883
100177318,55812
100187027,1175
778552,8538
100180811,54165
100183493,54165
101242470,3309
100186609,3309
100176317,2824
100181542,51438
100178823,51606
100169994,92017
100169886,1161
100184283,5954
100181422,5982
100177635,81037
100187165,89801
100178428,3074
100187142,3074
100184136,51528
778690,9603
100175014,25875
100182077,79931
100175173,9709
100180112,5291
100182370,1535
100187361,23593
104266587,6307
100177291,55761
100176226,8574
100175192,8574
100187122,8574
100179164,8574
494429,8574
100177880,27095
100176419,4065
100180409,23626
100177692,26099
100186458,5610
100175865,54969
778849,51663
778947,7185
100180825,54542
100178599,8908
100178377,5318
100169908,639
778833,9474
100176678,57095
778679,57504
100186210,55706
100169985,64718
445609,4084
100184763,548645
100177532,6515
100177999,6515
100180650,6515
780722,8531
778990,8531
100183839,9410
100178688,11178
100185133,10787
100187202,416
100176604,416
100182378,64951
100180764,81671
100178968,5424
100179092,6141
100179367,770
100175452,11338
100182371,8776
100181041,8776
100182244,2817
100179428,53340
100181882,23534
100185206,54929
445655,9170
100176903,5476
619227,6558
100182675,1265
100184864,53339
497238,5449
100135776,1117
113474233,23294
100175118,9351
100187346,10885
494421,9697
100183420,2065
100185860,54763
100185662,3735
100170068,55854
100179685,119391
100176187,119391
100179669,119391
100184961,119391
100183297,119391
100178265,119391
100180334,119391
778635,7089
778634,7089
100177537,8621
100185664,10797
100169987,4904
100176509,84217
100184237,64834
100178753,2263
100185313,51015
100175748,10734
100177985,8611
494421,23471
100180817,9399
100181542,7216
445700,387
100177581,1659
100186950,3421
778567,865
780706,865
100185085,5165
100187208,55593
100187395,2182
100180897,2182
100181730,2182
100178482,3632
100175025,24140
108949460,55771
100180090,65055
100182374,51447
100184954,57560
100185251,22933
100176531,5837
100180632,55737
778910,602
494429,8514
100175192,8514
100179164,8514
100176226,8514
100179079,29121
100177927,139341
100183817,4129
778965,5597
100185742,10681
100183583,27440
100176504,8518
494428,10640
445609,4335
100170042,79364
100181145,79364
100170041,79364
100176171,23210
100177850,5423
101242339,3340
100180021,440
100185185,440
445622,1103
100175467,29105
445749,1459
445701,998
619227,6559
100181766,8440
100187449,11320
100183416,11320
100181865,11320
100180716,6160
100184454,54860
100186170,54860
100187041,54860
100175973,54860
100178286,54860
100186658,54860
100179756,54860
100183795,54556
100183377,22846
101242403,537
778914,6929
100179215,5134
100169994,23503
100184767,224
100178614,27125
100175624,7321
100185831,7321
100183458,7321
493183,3161
100184155,51009
100178461,79041
100175300,8907
100175475,5817
100176696,5817
100183893,7515
100169917,8626
100176561,54475
100182001,8301
100184014,5522
100180904,8726
104265386,7251
100180619,489
100180638,489
100179367,771
100175762,51495
100177203,2023
619227,6557
100175427,9671
619275,9671
100178779,9671
100184979,79023
100177845,38
100185739,5250
778544,2355
778607,2355
445684,60
100185562,60
100183094,7879
101243120,55973
100185176,113457
100184256,23016
100181743,5939
100182748,4292
100183540,2329
100175978,113235
100184903,7163
100169997,9618
100184230,55094
100181998,22978
100183021,22978
100181892,56889
100176962,29089
100179175,54431
100181273,832
100186466,7107
100180761,10003
445706,2260
100178689,8516
100182403,8516
100182691,8871
100185985,54715
100182745,2782
100184654,7419
100185837,27039
100182107,80341
100169917,7161
100169921,7520
778897,7145
100178157,5050
100183149,11158
100185647,1638
100181275,51006
778743,5991
100177212,23011
100179066,9933
100179788,1361
100176951,1361
100183680,1136
100185658,10403
104265915,23431
100178377,5317
100187314,9262
100181746,58538
100179311,58538
778599,5241
100179992,55322
108950304,22837
100183963,3776
778947,7188
778690,4779
445595,2932
100179396,3693
100184417,7514
100179963,594
104265690,79670
100182403,3682
100178689,3682
100187471,22894
100180566,5019
100187395,10998
100181730,10998
100180897,10998
100186730,6193
100176674,10269
100181270,2950
100186966,2950
100184425,2950
100177239,2950
100178653,2950
100186478,79570
100181588,60509
493586,3797
100181980,3030
100181072,22924
101242363,966
100177393,102157402
100178536,9522
100187168,5550
778877,57590
100135776,5016
778902,4216
100175192,231
100179164,231
494429,231
100175701,8895
100182246,54700
100176223,4528
100175499,55054
100178294,8438
100186653,3301
100185960,2683
100181252,2683
100182196,2683
100182764,51510
778694,4799
100187200,51194
100180761,2346
100186458,27102
100184676,54749
100187093,54749
100186300,54749
100182374,80271
778869,55696
100177394,55787
100183428,9183
100181041,8898
100182371,8898
100186611,43
100175623,2512
100180269,8602
100177836,57544
100180085,51637
100183350,64395
100183390,116154
778958,7022
778538,7022
778743,5990
100179303,6820
100177098,6820
100181119,6820
104266370,6820
100186663,6820
100183977,6820
100178661,6820
100175182,8886
100179038,55741
100179038,111089941
100182496,23483
100178698,23483
100175469,23483
100186007,23483
100185119,23483
100183817,54498
778566,57593
100178688,9762
723807,8655
100178190,54997
100186361,6128
100180640,6175
778889,23409
100185737,51605
100175630,5037
100170044,8315
100185963,113540
100186296,113540
100186343,113540
100180658,113540
100186379,55668
100176204,83719
780702,7023
778539,7023
100187478,51726
445606,55214
100180447,9727
100169897,79603
778915,1947
778592,1947
778593,1947
100185883,16
778862,54439
497238,5459
100181071,54517
100186296,54918
100185963,54918
100180658,54918
100186343,54918
100182403,3655
100178689,3655
100183152,23231
100181274,9552
100169904,57084
100176951,1357
100179788,1357
100187036,51530
778599,2099
100176696,4345
100175475,4345
100179496,23256
100182608,55632
100184268,55632
100183139,11198
100181701,8487
100187429,8773
445647,27285
100186379,55105
445602,8318
100182084,990
100186604,139596
100182501,8697
100183540,2327
100179144,51430
100175551,372
100178461,55151
100187507,5711
100182146,10044
100184392,55280
100185674,64376
100177321,10101
100175075,10101
100183963,83795
100180010,10321
100176113,55168
445800,3189
100181195,3189
100176974,80173
100183963,9424
100177208,54620
100179689,54620
100183844,54620
100186007,80270
100178698,80270
100182496,80270
100185119,80270
100175469,80270
100180348,9274
100181542,4113
778593,1943
778592,1943
778915,1943
101243330,513
100183394,4713
100170049,26517
113473990,27037
100184155,91319
100183297,2953
100184961,2953
100176187,2953
100179669,2953
100179685,2953
100180334,2953
100178265,2953
104265872,23523
100182976,2687
100181424,23541
100181424,266629
100175542,23759
778596,5594
100183363,9647
100178049,9647
100185994,9647
100176985,339665
100179759,8940
100186946,8220
778625,4242
778622,4242
778626,4242
778624,4242
100176157,6576
778877,26088
100049067,24144
100179233,23464
100182417,51386
100182620,4809
100179157,79879
100179612,23331
100182202,23539
100180621,23539
100185842,23539
100178687,23539
100183634,23539
100184193,23539
100179605,79019
100180404,55964
100176912,6527
100178050,6527
100179935,6527
445681,11015
100177909,150274
100177001,27156
100176177,51493
101242901,9929
100178394,25793
100181403,84271
100181041,6305
100182371,6305
100176772,1727
100185699,55586
100182865,11252
778877,10043
100186785,1120
100178149,27349
100176604,410
100177118,6122
723803,55954
100185985,23543
100179989,10454
100181041,8897
100182371,8897
104266474,25813
100180659,25828
100181766,9402
100181450,8664
100177670,11020
100180882,23313
100182516,9978
104266855,171568
100183963,54207
100176168,2287
100181474,56948
100186564,10419
100176531,5836
100187162,5706
100176424,51382
100177476,5684
100184004,10490
100183397,161394
100187539,161394
100186336,8846
100183284,22938
100185994,5494
100179085,2079
778846,79038
100182082,5700
100182488,57820
445759,9321
100181118,8106
100177066,5106
100187385,9692
100176076,9985
100180856,9985
100183335,10484
100180646,2937
100176203,26133
100176531,5834
100182896,9837
100179999,22981
100182808,10110
100184910,4605
100180010,140902
778746,3172
778864,3172
100181766,84174
100177892,55816
100183358,1477
100184010,8480
100184903,7165
100183995,51497
100179909,1522
100176856,24148
100178044,28231
101242397,28231
100183508,55257
100186478,128414
100180481,26205
100178764,140862
100169670,140862
100169671,140862
619278,140862
100184292,10139
445749,1457
494414,81502
100183335,10483
100177878,140706
100187178,10398
100181928,51340
493586,9371
100178209,10528
100181072,22919
100181886,11264
100185572,128866
100177154,140679
445774,140679
100184688,191
100180559,57119
100185379,116092
100178444,84557
100179414,128869
100185478,7125
100177421,57136
100179796,57136
100182272,57136
100182565,79863
100181593,9218
100175266,79959
100184027,8731
778934,4092
100169911,57534
100179219,57534
100183552,5716
100176021,115201
100176604,412
100184548,55916
100182469,9949
100183150,64743
100185926,2742
100175748,10735
100185963,5355
100180658,5355
100186296,5355
100186343,5355
101242999,5358
100186199,8260
778936,6594
104265886,5931
100187236,2332
104265809,10084
100182046,6247
100181680,6901
100182231,5230
779004,2623
100184901,84061
100186551,9468
778641,27336
100184783,51442
100169660,959
778863,2245
100186662,5303
100181542,10916
100184944,2491
100181521,80183
113475151,54602
494373,10673
100185063,10673
100183554,55757
100184003,3839
100181832,84935
100175810,10232
100181596,10204
100177747,9688
100186343,51090
100185963,51090
100180658,51090
100186296,51090
100175009,50855
100184605,79650
100183973,80777
100187492,29070
445774,55238
100177154,55238
100178412,23659
445800,80004
100181195,80004
723798,79726
100181424,9717
100180010,83716
100185470,65990
100176239,8140
100182393,4682
100184081,23059
778877,23062
100176808,343
100175646,343
100176371,343
100180605,9093
100175427,64131
619275,64131
100178779,64131
100185166,10423
100185558,9738
104265921,9810
100177805,79719
100177967,8925
100179457,123263
100181883,8120
100187395,23205
100180897,23205
100181730,23205
101243511,2184
100175424,25963
100185868,56986
100183726,55192
100185122,57617
100181388,26258
100182808,23678
778933,6422
778984,6422
100177184,55284
100175786,10940
101242287,6788
100179685,54332
100180334,54332
100181195,54845
445800,54845
100176052,11075
100183109,83988
100180068,7264
100182700,90459
100182371,66036
100181041,66036
100180245,10671
100186064,5516
100184901,7991
100176589,4173
100182592,665
100186038,27294
100183713,2997
101243416,114336
101243416,3972
101243416,1082
100178141,6625
100185078,11129
100187475,92960
100175186,57030
100169904,57030
778861,8175
100180393,81492
100183817,259307
100186487,10469
100175600,729440
113474045,55723
100183822,9441
100175486,79852
100176104,8725
100184285,9141
100186308,6217
100186181,2091
778731,51588
100180686,9253
100182710,56961
100183278,1155
778849,23217
100179784,55101
100186249,6223
100175883,2109
100186663,6822
104266370,6822
100181119,6822
100178661,6822
100179303,6822
100183977,6822
100177098,6822
100185452,11140
100178827,10567
778904,56917
100185366,84518
100182241,84518
445681,10945
778838,93233
778775,1628
104265691,374882
100177985,64748
100181763,51298
100183715,51398
100184635,2639
100182402,6142
100179935,6528
619278,1311
100169670,1311
100178764,1311
100169671,1311
100185940,11316
100187445,54555
100177808,93436
100177683,10430
113474176,79036
778904,80714
778982,80714
778595,2077
445595,2931
100176696,199731
100175475,199731
100169994,154661
100179182,27000
100180112,5294
100179396,3696
100186307,11062
100181746,51678
100179311,51678
100186293,56829
100177697,857
778625,3955
778626,3955
778624,3955
778622,3955
100178943,11112
108950304,23242
100185748,84725
100177240,3315
100177488,8896
100182767,8662
100183682,55131
100180713,23658
100179571,1174
100184867,54664
100186570,95681
778984,6424
778750,6424
778933,6424
100186600,6424
778683,4223
100187476,57037
497238,11281
100175710,54927
100179585,5683
100176714,55744
100179435,644
100186661,55069
100180348,9275
100176507,10652
778777,7046
100175466,10952
445694,727
100179413,22949
100182376,22949
100182227,203
100185452,55664
100185164,55848
100176140,23189
100179367,768
100185231,9827
100182710,6461
100183933,7763
445782,1855
100177804,9124
100181572,9124
100180098,5264
100178195,22841
100176028,10613
100183289,1787
100176438,219699
778777,657
100185018,9562
100178688,84445
100185094,81855
100176388,81621
100182802,10360
100178974,80351
100178899,79176
100184589,91452
100181185,56647
104265690,55149
778566,253738
100186125,10539
100183130,8453
100180099,27338
100170014,57178
100180223,64081
100180398,23232
100180425,84961
100169994,10900
100182260,443
100182371,9110
100181041,9110
100184992,9570
100186713,10951
100177329,2584
100187315,57508
100177203,2027
100182843,9527
100185712,57003
100177801,51003
100179994,1819
100183764,218
100176963,218
100184767,218
100181600,27077
100184042,55813
100186374,5717
100182193,5878
778783,6945
100184065,10493
100180278,10493
100181990,10493
104265995,10493
100186997,55379
100181746,4355
100179311,4355
100175824,9343
778775,3131
100182202,9120
100185842,9120
100180621,9120
100184193,9120
100178687,9120
100183634,9120
778593,1949
778592,1949
778915,1949
100181460,23531
100183426,23531
100175118,9368
100177307,26151
100178357,90410
100178673,230
723799,57649
100185312,57606
100183493,23142
100180811,23142
100175951,64854
100179303,6783
100178661,6783
100181119,6783
100177098,6783
100183977,6783
104266370,6783
100186663,6783
100186192,26511
100184198,1363
100187058,80273
100181113,54433
100179962,2483
100185252,1182
100178161,51091
100177999,56606
100177532,56606
100180650,56606
100180332,55296
778698,579
100187253,10227
100181613,10227
100176966,55805
100176038,55325
100176733,64151
100178569,29118
104266675,1075
100185510,23788
104266587,6309
100176696,56253
100175475,56253
100186416,81622
100175413,81622
100179078,83480
100175973,64231
100175852,64231
100187041,64231
100179756,64231
100178286,64231
100184454,64231
100186658,64231
100186170,64231
100175973,51338
100179756,51338
100184454,51338
100178286,51338
100186658,51338
100187041,51338
100186170,51338
100184554,79080
100181046,887
100183675,2348
100183586,2348
100178291,2348
100183675,2352
100183586,2352
100178291,2352
100175475,5818
100176696,5818
100175606,10114
100178405,29099
100186930,51296
100177728,5002
100185878,10944
445688,6207
100185083,9049
100186785,1119
445606,10536
100179079,969
100179079,9976
100179738,65981
100183899,9761
100175204,81566
100177133,506
100184120,10728
100180348,605
778924,4618
778924,4617
100183363,57460
100185994,57460
100178049,57460
100176354,4048
100184300,55110
778968,2305
100176247,10094
100180720,51184
100176748,51699
100183714,55507
100180058,397
100184165,2967
101243211,1967
100177154,81539
445774,81539
100180472,8909
100182819,8909
100185351,79794
778984,11211
778933,11211
100179093,5985
100180323,283383
100181332,57122
100178413,11103
100186457,2597
113474404,50813
100182325,51147
100183090,7167
100177203,2026
100186495,10162
100183021,51559
100181998,51559
100176706,64426
100184252,51026
100183713,2998
100184659,5564
100101814,55907
100181796,1337
100180936,55188
100179079,3820
100180393,345895
100178779,2651
619275,2651
100175427,2651
113474045,25842
100175699,8732
100179038,4121
104265369,57515
100179541,51020
100184903,7164
100185181,9750
100186176,10090
445799,6005
445747,6005
445729,6005
100184644,222658
100182293,6648
100179281,29074
108950147,4172
100183390,221692
100176160,23195
100182595,51715
778608,9457
100180018,7915
100184468,6206
100180132,81688
100184902,51053
100176145,8724
100175186,10246
100169904,10246
100185842,117247
100180621,117247
100178687,117247
100182202,117247
100184193,117247
100183634,117247
100183390,9749
100177695,135138
100177131,168090
100185184,64094
100182572,705
778768,6722
100180921,10591
100183329,26054
100182715,8899
100176899,7272
100180334,53405
100179685,53405
100180839,59084
445586,9096
100185889,23438
100177271,83594
100175295,3157
100177987,8382
100177202,23530
778702,9421
448996,9421
778725,9421
619278,7060
100178764,7060
100169671,7060
100169670,7060
100187049,57472
100186802,7265
100180419,64083
100178228,4883
100180897,28965
100187395,28965
100181730,28965
100178847,64902
619227,10723
100181511,6500
100186064,5515
778599,2908
778857,373
100186853,80006
100175288,79770
100185029,662
100185679,8614
100185629,23567
100176438,90249
100182913,1962
100180564,1962
100184686,58515
778553,604
100180707,56954
100176880,25852
100177703,5948
100177703,5947
100181702,9616
778578,7029
100176205,11235
100179564,5576
100181329,10342
100183442,10641
100187236,8087
100181012,2632
100178437,2632
100179839,8723
100175529,23150
100185860,152015
100184809,523
100181007,22937
100175965,11222
100179531,57088
101242405,57088
100185032,57088
100177190,57088
778777,93
100175995,51122
100176867,64689
100180728,9136
101243099,84836
100177777,23007
100185660,23007
100183290,6747
100178497,7134
100176941,1933
100178064,55683
100176828,81562
100181343,51639
664715,51277
778877,10254
100183886,2820
100177125,1058
445775,90
778937,90
778777,90
100179396,3694
100178689,3676
100182403,3676
100179683,10213
100177730,9784
100180959,92840
113474034,54760
100183019,6209
100183132,7841
100169898,57142
100177892,1796
100180056,33
100175516,84128
100175446,55120
100182013,2335
100179890,1768
100183344,84173
100186815,3488
100181008,80303
100176488,10575
100180700,10190
100183218,3336
100178398,55818
100185660,84812
100177777,84812
100176174,51652
100179624,150572
778761,150572
100177822,8807
778608,2274
100186012,23178
445593,7173
100183818,7173
100178752,3398
100183227,79954
100177232,55041
100176867,26003
100175874,25797
100186203,1615
100170057,6432
100180531,6382
100185660,5334
100177777,5334
100186313,8942
100180019,56902
100183401,5000
778543,1386
780703,1386
778579,1820
778588,25806
100185806,2956
100185748,65977
100181233,1718
100182424,2882
100186388,49856
100186298,51253
108949278,6146
100185978,6429
100180278,51102
100181990,51102
100179038,80267
100181530,829
100178536,10067
100177011,28956
100176863,6723
100179946,5132
100175935,51377
100182504,10286
100169994,23207
778538,339488
778958,339488
778629,2494
100183612,252839
100178633,127700
100180665,64121
100185509,84618
100181869,4548
100179361,4548
100181830,6390
100183722,80135
100178431,5999
100175568,59349
100180840,26279
100184455,26279
100175981,26279
101243063,2635
101243063,2633
100183543,2582
100178752,3399
445606,64175
100177999,6513
100180650,6513
100177532,6513
100183007,10969
100183609,9670
100181913,533
100185960,8704
100182196,8704
100181252,8704
494429,10327
100175192,10327
100179164,10327
100186591,8548
100180402,57821
100186251,1266
100181214,5825
100177611,8674
100181968,51611
100169660,356
778654,3664
778653,3664
778652,3664
778655,3664
100177985,163404
100177985,9890
100176052,3925
100179038,57134
778930,5629
100179935,200010
100178272,23184
100180497,1143
100186909,1509
100182309,78989
100175402,78989
100175748,10274
100186613,51146
100177548,11181
100184647,6230
100101830,1385
100179367,23632
100178515,9789
619277,6785
100182071,90025
445655,1268
100184910,4602
100177969,64577
100175838,81847
448996,6943
778725,6943
778702,6943
100186879,80306
100180621,9194
100178687,9194
100184193,9194
100182202,9194
100183634,9194
100185842,9194
778904,60436
100185837,5311
100177213,64747
100180238,7347
100175224,7320
100185043,89891
100176126,51552
100175166,11064
100177460,5537
100185261,4702
100175001,92400
100181032,84263
100185055,27130
100180226,85365
100178248,2531
100180144,9525
100179562,56252
778930,283571
100183833,80127
100183282,112752
445644,83544
751566,64207
100181360,5826
100181655,4329
778599,2103
100187159,8892
100177099,55051
445704,23433
100186389,54867
101243063,64225
100185938,51646
494405,25940
100186372,9419
100175186,26503
100169904,26503
100182900,83401
778698,159296
100187165,5507
100179607,26507
445609,4601
100187286,159686
100184965,2805
445718,3211
100101831,4488
445677,4488
100175666,79817
100179163,348995
100181542,4115
100185530,54853
100184617,84068
778583,56943
100180952,84318
100181502,6883
100180074,8600
100175055,51569
100183089,11340
100175820,2107
100178398,51780
101242999,5357
778746,7181
778864,7181
100187247,7112
100183224,400
100101829,4801
100181722,51019
100177804,64236
100181572,64236
100179858,81790
778772,23435
723800,51123
100180010,83690
100180230,8288
100185019,10237
100187186,84057
751570,57616
100180954,3764
100185960,8702
100182196,8702
100181252,8702
100185783,51029
100180686,9479
100177703,2170
100181213,3208
778937,92
445775,92
778777,92
100179616,51426
108951018,6144
100178663,51116
778924,4656
100185196,1314
101242339,9956
100186763,6125
100185604,57489
100177482,343099
100176476,80148
100181654,27241
100180400,5395
100170014,83637
100175173,64224
100180880,84668
778725,7291
778702,7291
448996,7291
100180093,55234
100176958,152007
100186461,23349
778840,27019
100176226,6718
494429,6718
100175192,6718
100179164,6718
100182309,653509
100175402,653509
778977,50674
100179954,55847
100179535,9559
100182630,28981
778897,84329
100179153,23597
100182155,10212
100187342,84292
100186863,10755
100183694,57213
104265505,64105
100179012,10102
778977,58158
100185133,3071
100186271,65244
100185215,60673
100176680,1621
104265750,64756
100176333,262
100180370,29078
100176317,5354
100181542,4108
778937,130399
778777,130399
445775,130399
100177154,206358
445774,206358
778607,55509
778544,55509
100180789,3759
100185814,57826
100183559,10888
100180797,10888
100184817,10888
445609,10608
100183603,1164
100181614,164781
100187395,2181
100181730,2181
100180897,2181
100187260,116255
619227,6560
619275,140687
100175427,140687
100178779,140687
778816,140690
100187261,116151
100179084,79183
619227,57468
100180531,6385
100175009,84612
100185660,5335
100177777,5335
100180334,78997
100179685,78997
100176891,149699
778849,6780
100183479,140731
100182101,128602
100184422,55653
100177066,5105
100181542,4109
100182690,4552
100176014,5184
100183285,55577
100178939,10199
100170007,27189
100170006,27189
100180010,7180
100182865,29993
723802,6631
100175186,10786
100169904,10786
100169904,6568
100175186,6568
100176438,222643
100180457,9477
100183963,89822
100183351,51000
100184890,6310
778883,9972
100186797,167
100180010,167
101242476,167
100182576,55831
100183844,26231
100184123,583
100179315,2806
100177892,55715
778915,1948
778592,1948
778593,1948
100179723,9375
778654,3659
778655,3659
778652,3659
778653,3659
494419,7737
100180404,23157
101242339,9953
778877,23163
100184910,7270
100180654,9329
778552,56751
778977,128408
100183393,84172
100177058,8192
445694,718
100182146,10045
100175424,56927
100169660,8740
778544,2354
778607,2354
100185809,80207
100169898,6253
778966,3170
445592,5075
778698,644524
778698,4821
100185807,92675
100169995,10616
100182315,56255
100178781,6628
100185305,11034
100175175,11034
100185667,24141
100178249,92667
100180887,3704
448996,6939
778702,6939
778725,6939
100182889,100529261
100178752,3397
100187059,51614
100182107,92747
100183463,11070
100179460,5690
100182622,7389
101242363,57152
100186258,84306
778652,3661
778655,3661
778653,3661
778654,3661
100182277,435
778770,6776
100183982,22826
100179720,171017
100184403,10436
100179830,8409
100180381,10245
100182401,22863
100176117,9787
100178684,112849
100187210,3306
100185112,81537
445694,5858
100186325,554
778923,5605
100178220,55906
100186018,54973
778863,89846
100187386,79717
778947,7186
100181076,84286
100177708,23065
100180840,5322
100175981,5322
100184455,5322
100175259,79939
100178035,2671
100177208,146330
100176761,14
100186995,1892
100175298,5447
778873,7538
100181505,79644
100179384,5471
100177480,9514
778545,468
100186613,53947
100181744,8459
619234,5880
445702,5880
448957,5880
448958,5880
445788,26150
100179818,51234
101243063,7732
100176951,51200
100179788,51200
100186035,9296
100182395,51691
100184283,813
778653,3663
778652,3663
778654,3663
778655,3663
100180061,4698
100182431,6183
448951,2571
100178784,64172
100184517,8520
445719,3236
723795,8924
100176536,57045
100175342,29767
778573,54567
100184767,8854
100181405,3712
100183847,1854
100175260,10776
100186781,91860
100175227,1315
100183036,5682
100184661,60559
778924,4654
100177967,26297
100049066,7166
100185083,23746
100175262,84817
100187236,9513
100177816,904
100184413,83448
100176459,65095
778849,3609
100176264,5655
100182205,5655
100187546,5655
100180121,5655
497244,5655
100187353,55837
778664,4901
778757,4901
100176246,4738
100186610,1603
100181559,7011
100177985,79948
100179388,7137
100181581,2593
100176150,2593
778827,55274
100178309,6303
100185535,158747
100182675,1264
100176696,5819
100175475,5819
100178867,10452
494405,147965
100180897,376497
100187395,376497
100181730,376497
100183994,79709
104265547,79016
100180305,51690
100177373,51250
100187395,81616
100181730,81616
100180897,81616
100185924,2527
100187188,2527
494349,2527
445721,2527
100186547,2527
100185173,2527
100184793,2527
100182807,2527
100179758,2527
100182145,10095
100180230,7837
100184512,25804
778972,3727
104266370,25830
100178661,25830
100181119,25830
100177098,25830
100179303,25830
100186663,25830
100183977,25830
100175643,10422
100185034,140700
100179388,7136
100175439,25814
108950774,375775
100182394,23404
100181205,10585
100178975,27243
100183884,57470
100177437,56342
100179311,4354
100181746,4354
100176662,10277
100185837,10343
100176985,11046
100184729,9104
100180520,25980
100182107,140683
113474267,84701
778813,84905
100178177,529
113474267,1327
100180121,2161
497244,2161
100176264,2161
100182205,2161
100177362,5538
100180447,84440
778947,7187
100178631,26061
100177748,6533
100187279,7283
100186399,6155
100185988,29893
100177673,84313
113475151,80762
778871,84231
100179367,765
100175773,54521
100178741,1160
100182069,1160
100180565,8799
100183540,2330
101243416,2488
100184477,5160
100181141,64087
100180259,6627
100187213,8431
100169987,79727
100183291,55145
778743,5989
100178072,54862
100176724,10693
100180521,51478
100181037,55556
100182817,23647
751587,26515
100181128,80895
100182514,6117
100180451,51805
445686,23480
445686,23480
100184880,63979
100182530,1644
100101815,1644
100175623,53940
100185896,53940
100181195,2926
445800,2926
100179273,57050
104265415,23558
100186757,3021
100169985,85451
778830,9406
100185651,2874
100180090,51308
100180799,51388
100184693,5111
100184548,29107
445747,57127
445799,57127
445729,57127
751571,3508
100182260,91703
100181314,1802
104265369,10955
100187165,5509
100182838,23743
100181883,8546
100176140,163782
100179627,842
100180096,51164
113474870,51371
100181735,10810
100184221,6341
100135776,1116
100180112,5287
100135776,1118
100183827,57511
100185755,7178
100180086,161003
100180854,161003
100184859,5983
100182614,201266
100186689,10250
100169898,10313
100180334,653689
100176187,653689
100179685,653689
100184961,653689
100183297,653689
100178265,653689
100179669,653689
100177532,66035
100177999,66035
100180650,66035
100181424,284904
100184416,6441
100179230,51520
100180551,3612
100179118,759
100177506,759
100179367,759
100176638,23075
778541,406
100182371,81846
100181041,81846
100187421,3295
100184971,79845
778805,5977
104265605,4221
100177788,10001
100182144,55140
100182642,1022
445633,8536
100176528,55207
494394,9695
778904,4212
113474151,79768
100180785,56851
100181270,2944
100186966,2944
100178653,2944
100177239,2944
100184425,2944
101243416,7252
100181270,2949
100178653,2949
100184425,2949
100177239,2949
100186966,2949
100186966,2947
100178653,2947
100181270,2947
100184425,2947
100177239,2947
100135776,27159
100175295,3158
100181883,10717
100184752,377
100177154,54407
445774,54407
100177381,10971
104265378,10971
104265377,10971
100186893,129607
100180381,10440
100184396,4677
100186777,54522
100177816,902
100176985,85019
100180969,284252
100179079,3824
100179079,3821
100176080,53
100178583,8565
100178363,55143
100183745,29889
104265690,23318
100179415,29015
100185885,2694
100181774,9415
100185885,6947
778541,9575
100179971,87769
100177474,7174
100185081,79070
100177781,9743
100177361,3703
100169904,219855
100186454,134430
100182722,26578
100179909,1514
100183539,29968
100176252,92558
100184910,9988
113474068,85025
100175863,26136
100176263,167691
100179738,4076
101243499,517
100187103,967
100182102,5630
100185031,10677
445775,269
778937,269
778777,269
100178689,3679
100182403,3679
100183183,2647
100175198,84872
778777,91
778937,91
445775,91
100184303,84946
100185811,10574
100169672,1961
100178195,26056
100178422,27345
778847,79786
778841,53630
100183963,3775
100180463,54583
100180825,149041
100176475,65080
100179385,9654
101242392,9470
101243380,23479
100184767,160428
751572,84101
100182050,55332
100182593,79621
100186196,26586
100186942,11061
100175858,8803
100177967,55213
100184268,51131
100182608,51131
100177967,1102
101242999,3936
778897,64759
445681,11014
100184614,54606
100179869,3364
100177878,83605
100183845,80727
100181460,221938
100183426,221938
778698,26257
778698,7080
101242251,53346
100179705,53346
100178190,10518
100183627,84073
100179843,51204
100186524,10238
778875,11143
100185398,86
100176872,4711
108949611,57129
778642,3142
100185465,92856
100182982,9394
778877,8027
448951,2572
100178084,25934
100181821,1025
100185604,4957
100180482,10592
100175342,7111
100181425,1318
100178673,229
100176811,9550
100182618,54881
778629,2516
100179498,7507
100179946,5082
100179536,11224
100179909,1515
100185040,81873
100180839,5168
100175110,79139
100176155,7094
100177416,26206
100177191,11258
100178763,9380
100178832,9380
100184767,219
100176963,219
100183764,219
100176776,84681
778863,84904
100175823,347252
100181712,6194
100185464,10695
100182436,2766
778538,7020
778958,7020
100178761,25844
100177892,10817
100179909,27283
778654,3662
778653,3662
778655,3662
778652,3662
100176213,670
100178524,670
100180889,670
100180358,11270
100185510,23787
100185111,129685
100179729,51439
100184622,83894
494423,11309
100179750,79731
100182268,55298
100180010,51050
100176604,23213
778902,4750
100179863,56649
100184101,84811
100180635,85016
100180811,84259
100183493,84259
100175186,2542
100169904,2542
100175914,58472
100178764,7057
100169670,7057
619278,7057
100169671,7057
100187303,9493
100178689,22801
100182403,22801
100186901,56965
100183426,54852
100181460,54852
100180749,27229
100182374,3706
100177777,5330
100185660,5330
100180750,1588
100182146,8412
100180570,79739
100186481,56267
100182343,2959
100177402,5876
100186863,54810
100176515,9635
100181257,85465
100185994,5495
100187521,51626
100181843,1545
100179303,391365
100181119,391365
104266370,391365
100183977,391365
100186663,391365
100177098,391365
100178661,391365
100183888,10113
100179755,8884
778854,80204
100169919,57159
100174994,79847
104266587,9023
100183350,118663
100176430,403
100175172,51008
100187034,6229
100181350,316
100178564,471
100177484,79800
100178657,79800
100177403,79800
100186237,54529
100184601,29081
100184016,3417
100181545,29789
778560,9541
100182403,3685
100178689,3685
100175342,29766
100182710,90525
494416,8483
100186901,54956
100185392,60490
101242339,64579
100183592,51138
778937,658
778777,658
100185070,27163
100180404,55752
100187049,246175
100184075,57619
100176278,27068
104265788,839
100185968,839
445752,9061
100182315,121506
100178444,23710
100185279,51067
778863,121512
100180112,5288
100185660,89869
100177777,89869
100178501,85437
100180121,51279
100182205,51279
100187546,51279
100176264,51279
497244,51279
100176100,4704
100177703,83758
100180929,55089
100180010,11010
100049066,121278
100178268,22822
100181703,144193
100187231,50511
100186437,51228
100182924,9818
100181041,9107
100182371,9107
100187499,6541
100178002,6821
100177874,85478
778849,6895
778777,94
778937,94
445775,94
778663,91012
448952,51380
778877,115825
100182527,283385
100186755,65082
100179674,79720
100182124,8562
100185312,122060
778862,64062
494419,140432
100175879,8451
100182315,81542
100169898,6252
100184253,122830
778599,2100
778544,122953
778607,122953
100183643,122481
100177825,123041
619227,9990
100185260,90527
778914,6938
100184593,6652
100185260,405753
100180897,11001
100181730,11001
100187395,11001
619275,9245
100175427,9245
100178779,9245
100184140,6727
100180444,22893
100187497,54939
100182087,80349
100186653,55466
100176155,59274
100175596,7168
100180708,585
113474034,5046
100178536,10066
445747,51458
445729,51458
445799,51458
100185844,11057
100182606,55070
100179046,4240
100183780,23478
100180404,124404
100180692,84656
100179935,6524
100182403,3687
100178689,3687
100182577,64755
100180010,497190
100184495,2653
100186296,123920
100185963,123920
100186343,123920
100180658,123920
100186343,146225
100180658,146225
100185963,146225
100186296,146225
100178444,81631
100187118,57707
778849,161931
778652,3394
778653,3394
778655,3394
778654,3394
100177118,6123
100182123,2622
100180054,84916
100179435,81577
100178383,28987
100186347,5636
778877,10040
100183092,9520
100175993,8631
100177988,90506
100183890,90506
100180919,162494
100179624,84225
778761,84225
100184515,50488
100178309,112483
100169917,7157
100175445,55036
100180058,396
100185842,9123
100182202,9123
100180621,9123
100184193,9123
100183634,9123
100178687,9123
100183845,94015
100176030,57521
100180836,56270
100178029,54808
778934,4089
101243377,84299
100177985,8612
100178190,117286
100183862,6455
494364,23410
100183691,757
100179671,79760
100176080,93650
100185869,6205
101243418,23521
100180053,51070
100184283,57333
100181008,79180
100180448,5195
100177507,6135
100181475,54707
100179909,64129
100175666,148932
108949285,1580
100180750,1580
108949918,1580
100186124,126969
100182403,8515
100178689,8515
100175707,223
100184767,223
100182021,261726
100176380,29922
100176146,25874
100187068,25874
778645,6258
778864,6258
780712,6258
778746,6258
497238,5451
778892,64326
100176696,81607
100175475,81607
100180518,51506
778791,9970
100179663,79590
100177703,1382
100183108,26092
100179365,83872
100183243,58497
100177970,10262
100179909,1513
100177120,8991
100175260,2029
778541,405
100177701,126626
100178236,1939
100183377,79805
100179624,56950
778761,56950
100178138,79802
101242758,10899
100176356,23557
100187395,11000
100181730,11000
100180897,11000
100181768,10456
778592,1944
778593,1944
778915,1944
100184077,57459
778925,3608
100176679,65123
113474994,128061
100184095,52
100178733,8560
100184752,375
100184829,29097
100182374,3707
100186956,3930
100185726,10130
445700,388
100180579,130589
100175958,51542
100175495,84696
778904,4211
100179970,9391
100176960,23020
100176337,51002
100185963,7851
100186296,7851
100186343,7851
100180658,7851
100179675,55258
100183021,284958
100181998,284958
100183149,11159
100169678,84524
100176087,129530
100178400,129530
100178614,3899
100182469,83607
100180661,80856
100185629,151126
100182079,51454
100187298,285175
100179788,130749
100176951,130749
100178079,79582
494385,57007
113474404,64708
100177413,339896
100175204,64651
100182403,3680
100178689,3680
100183602,9039
100181170,91775
104266013,91775
100182675,29114
100186746,64422
101243041,64422
100175053,83939
100175728,83939
100184767,10840
100181521,9711
100178512,7873
100178835,55646
100185641,79966
100185366,51316
100182241,51316
100179954,493856
100186509,115265
100183635,2169
100176240,57721
100183027,6189
100182268,285533
100180750,285440
100185860,83853
100184259,10299
100186253,6715
100177208,6502
100185362,10184
100182838,635
613214,689
101242365,9140
100186067,81555
100178584,9879
100182077,10318
100177593,64777
100178028,3779
100179435,54438
100176481,153527
100169904,10050
100175186,10050
100177892,79930
100181934,29777
778863,221472
101242128,285855
778910,4794
100177072,134728
100184571,167681
100177436,10957
100183624,221322
100185846,58527
100177532,154091
100177999,154091
100180650,154091
723808,6993
780703,9586
778543,9586
778702,222894
778725,222894
448996,222894
778740,5814
100178529,4191
100178245,5723
100176709,84928
100175426,11011
100176850,64434
100185540,57393
100181052,347404
100187427,347404
100182202,6567
100184193,6567
100178687,6567
100180621,6567
100185842,6567
100183634,6567
100183736,79742
100185786,54539
100181206,8473
100176145,29934
100181542,4103
100178698,50814
100186007,50814
100182496,50814
100175469,50814
100185119,50814
100177589,55790
100186335,526
100176778,55246
100185077,55909
100177892,9046
100178222,6770
100181380,6770
100179329,11212
100176028,11160
100180230,137902
751566,9705
100177849,51125
100169919,84675
100186144,137872
100177703,5375
101242128,6129
497242,115111
100176987,115111
100187083,245972
101242260,5440
100186343,114569
100185963,114569
100186296,114569
100180658,114569
100185410,8667
100180912,84294
100182043,50808
778854,26267
100185648,549
100181613,84641
100187253,84641
100177985,54886
100180854,2040
100180086,2040
100187104,2934
778900,2649
100186345,6130
100175706,80142
100169991,25792
100175476,84895
100187183,9536
100175424,57720
100175803,23590
100179044,80013
100176592,6251
100175435,29982
100177882,10556
100177641,118924
778588,11023
100183767,1979
778698,84504
100183817,196743
100179685,9446
100184961,9446
100178265,9446
100180334,9446
100179607,54805
100184068,6001
100184644,84280
100179935,159963
100186321,196294
100180163,27315
104265690,64852
100181765,10480
100178100,51501
100176033,6188
100181499,55004
100175515,283208
778679,9219
100184889,51524
100181774,3992
100184454,932
100179756,932
100175973,932
100178286,932
100186170,932
100186658,932
100187041,932
100175852,932
100185660,9651
100177777,9651
100187041,2206
100186658,2206
100175973,2206
100179756,2206
100184454,2206
100175852,2206
100178286,2206
100186170,2206
100169942,26229
778533,26229
100169667,26229
100182675,6876
100183378,149951
100180559,391253
100180168,149986
100178300,170589
100186294,83707
100181391,740
100179051,740
100180815,2197
100186956,7108
100178929,5531
100178673,226
100186661,124446
100179079,51348
100179079,51267
100181746,143098
100179311,143098
100170086,51503
100183493,55208
100180811,55208
104266248,10284
100176317,2823
619231,132851
100175475,10666
100176696,10666
100184571,11098
100181041,54545
100182371,54545
100181478,22948
100185470,134145
100181271,120379
100176837,26521
100183853,5805
100175860,130813
100178577,196383
100178009,339105
100184547,339105
100186976,93589
100181653,55768
100178841,54995
104265386,55293
100187194,144110
100178921,90488
100175771,144715
100183338,153443
100182357,51562
100180969,65987
778678,343930
100181220,80224
100179672,140609
100185024,63894
100177688,132320
100180302,83643
100183830,132321
100175529,55691
100177056,5800
100179535,112936
100175137,5860
100185903,57700
100176855,166785
497238,5458
778599,4306
100175192,1646
494429,1646
100187122,1646
100179164,1646
100176226,1646
100185183,120224
100186141,80014
100180897,2180
100187395,2180
100181730,2180
100184412,636
100185629,79750
100181631,6999
100186901,79668
100178496,143384
100179571,130340
100182627,148534
100177199,148534
101243169,80097
100185176,112714
497238,5457
100185382,79596
100176567,120534
445755,498
100185085,5163
100183963,56659
100180594,117143
108949460,133746
100185732,64421
100175951,219333
100176025,814
100180354,133690
100179300,133690
100181104,23171
104265927,53918
100181451,200132
778863,10160
100180621,387700
100178687,387700
100182202,387700
100185842,387700
100184193,387700
100183634,387700
100177017,9412
100180686,1601
100178473,130013
100181154,55289
100179621,60592
100175424,84910
100176419,22925
113474123,9481
100186085,51571
100179083,153643
100175410,124402
100182325,3621
100186865,112616
100180425,25827
100177593,64795
100185905,22934
100175005,2960
778904,90316
778982,90316
100186403,339145
100177401,80790
100180789,3773
100180969,79047
100179243,23576
100186976,781
101242339,9955
100181766,10750
100179935,125206
100184899,135154
100183546,123872
100178072,200014
100177480,64090
100180839,5169
100184515,23043
100185575,83648
100187165,5506
100183902,126731
101243063,115362
100186469,9184
100186402,388650
100181542,728239
100184713,135295
100177815,6921
100178780,522
778633,2551
778863,152273
100177554,92106
100185660,23228
100177777,23228
100179367,56934
100180404,346288
100186871,139322
100177208,80028
100169981,7071
100187256,112495
100177487,55326
100186296,83742
100186343,83742
100185963,83742
100180658,83742
100177849,401647
113475062,54819
445700,389
100185994,333926
100183363,333926
100178049,333926
100182202,6566
100184193,6566
100185842,6566
100180621,6566
100178687,6566
100183634,6566
100181542,9947
778565,9337
100184179,9601
100175810,146183
100180969,130535
100180880,285172
100179487,130540
104265921,56254
100185308,134353
100179482,158297
100180903,92370
100176852,55005
100181766,6503
100179402,51643
100180334,1193
100179685,1193
100178614,2334
100176358,10
100181328,10
100181542,4107
100177315,138199
100175447,132
778544,10538
778607,10538
100182050,128338
108949460,123720
100185233,10694
100177967,6103
100179826,119392
100184963,118980
100185924,2528
494349,2528
100186547,2528
100184793,2528
100187188,2528
100185173,2528
445721,2528
100179758,2528
100182807,2528
100183014,51001
100179127,9791
100184014,5521
100183305,6156
100182608,84295
100184268,84295
445694,135228
778979,4838
100183439,9246
100186965,9246
100182515,142891
100178195,80223
100176438,137970
100179756,931
100184454,931
100186170,931
100178286,931
100186658,931
100187041,931
100175852,931
100175973,931
100176500,391059
100178472,391059
100184171,391059
100187253,64645
100181613,64645
100182613,163786
100181796,1339
100178689,3681
100182403,3681
445641,5147
100182407,6396
100177894,11030
100175601,6854
100180595,54953
108949301,22976
100182366,23648
778984,8321
778933,8321
100180010,348174
100180876,93190
100180010,283971
100185925,115817
100180170,115817
100178045,115817
100187202,415
100176604,415
100186976,55799
100179083,145773
100176004,26060
100187136,139221
100186572,10311
100177698,347734
100176212,84187
100180975,10239
100178190,130106
100185991,5192
100178216,11079
100180686,26119
100184287,144406
100184616,63875
100181766,4690
100183494,3242
100185199,3242
100176262,195827
100181350,7498
100179607,26504
100178577,199221
100181151,22808
100175495,171586
100178690,55179
100182987,54933
100184075,57477
445788,158787
100186999,55571
100185960,9334
100181252,9334
100182196,9334
100184132,9825
100175532,1358
100183740,1358
100176951,93979
100179788,93979
100175648,90121
100182904,130617
100170016,130617
100175404,26958
100185837,168507
100182675,8407
778571,100532736
778571,4681
100184660,142683
494399,142683
100179146,142683
100181310,142683
100181537,50848
778989,7391
100184455,64600
100180840,64600
100175981,64600
100184132,124044
100182802,10361
100182196,8703
100181252,8703
100185960,8703
100176138,4720
100178867,84134
100180559,90199
100178933,124995
100185679,6781
100176704,11267
100179685,54102
100175261,57369
100181290,57369
100176797,70
100184134,70
100184960,8208
100181460,51094
100183426,51094
100169895,221223
100182711,221223
100187546,715
497244,715
100179556,8659
445793,64843
778888,89970
100185177,8883
100179516,374739
100180291,9813
100175710,84303
100184556,1487
100182937,51673
100187083,9114
100169994,57732
100184804,2909
100180192,55721
100187321,29101
778864,2063
778746,2063
100177160,131076
494416,148113
100178289,7033
100178289,7032
100178289,7031
100177304,89765
100175186,54020
100169904,54020
778904,5316
100178162,105372824
100178162,8566
100179345,85395
100184708,10841
100184706,11094
100177999,11182
100177532,11182
100180650,11182
100182799,138162
100184538,26086
100185665,286207
100187443,112724
100185112,84814
100179492,80308
100181460,79957
100183426,79957
100184148,9673
100175472,56893
100184826,54865
100182534,51160
100187136,84939
100180182,80228
100186431,54784
100175581,8878
100184598,8878
100181865,11282
100183416,11282
100187449,11282
100185367,6132
100177208,222235
100185096,5701
445782,1857
101243528,55324
100183291,199745
100186347,5635
100184767,126133
100182755,126133
100176963,126133
100182403,3678
100178689,3678
100185629,25946
100181746,4356
100179311,4356
100177777,113026
100185660,113026
100182374,117283
100178563,246
100179479,246
494373,8741
100185063,8741
100177596,1973
100175749,6154
751592,51728
113474017,79622
100175813,339123
100181286,339123
494415,339123
100186342,339123
100183968,339123
101242339,64711
100179883,51005
100176252,146439
100181460,124222
100183426,124222
100182906,80150
100181871,6811
100187185,284541
108949285,284541
100181326,284541
100180750,284541
100186171,284541
108949918,284541
100186749,51727
100184300,4116
100177985,8613
100179576,79707
100184788,5563
100180481,10691
100177703,116362
494429,22977
100179164,22977
100176226,22977
100175192,22977
100187122,22977
100180531,9672
100184311,553115
100176626,553115
445594,249
100176917,249
100176981,83941
101243063,2634
101243063,115361
445784,7412
100185040,10092
100176696,57863
100175475,57863
100181215,8682
100187442,8682
778668,4009
778544,467
778607,467
100183137,10380
100182411,80232
100183355,150962
100186910,51072
100181773,26225
100180954,3760
778977,4760
778984,2487
778933,2487
100186600,2487
778750,2487
100183475,112942
100186757,3020
100185842,151473
100182202,151473
100178687,151473
100183634,151473
100180621,151473
100184193,151473
445646,150483
445653,2019
100179250,115677
100185112,130367
100178020,129880
100178722,56916
100182061,27306
100181572,10611
100177804,10611
100184477,5161
100179909,1520
100101831,4487
445677,4487
100175342,29765
778774,6944
100183594,2071
100187539,55677
100183397,55677
778933,7855
778984,7855
100186600,7855
778750,7855
445594,250
100176917,250
100176917,251
445594,251
445594,248
100176917,248
100183524,84142
100183633,92196
100179981,9076
100176976,285203
100175342,56203
100181046,886
100187540,317649
100183205,152405
100175342,25802
100179946,132954
100175823,3490
100179260,10109
100181285,7203
100180664,64320
778777,7048
100180537,79885
100183112,131474
100177999,6514
100177532,6514
100180650,6514
100183372,2168
100178048,2168
778698,4825
100183841,1040
100184510,9861
100185994,152926
100179548,7401
100176897,8833
100177816,57018
100181877,85443
100177652,6133
113474059,201895
100186295,57406
104265585,1776
100177419,1776
100175171,25898
100179531,57047
100185032,57047
101242405,57047
100177190,57047
100179788,1359
100176951,1359
100177957,6259
448996,150921
778702,150921
778725,150921
104265311,57456
497053,56992
100181439,54585
100178759,131601
100186846,55689
100185254,64769
100182997,7802
100178283,5437
100169925,28999
100181376,6184
100184920,55764
100181635,5984
100177765,8314
100180004,200931
100183825,200931
778886,165918
100176657,149461
100177737,149461
100183075,149461
100185578,9255
100183843,3015
100183445,56898
100181613,256471
100187253,256471
100184582,51368
100183363,132160
100178049,132160
100185994,132160
100181112,80335
101242339,9348
100177280,8819
778725,9464
778702,9464
448996,9464
778849,132612
100184668,26269
100176454,3248
100176846,152940
100182817,27236
100178157,23379
100178138,64399
100176838,10393
100184673,6059
100181225,11157
100176570,55751
100182403,3673
100178689,3673
100183606,4338
100185206,153396
100184237,79993
100169905,133923
100182216,202151
100181380,134429
100178222,134429
100187058,134266
100176604,153642
100182424,493869
100178230,256987
100180839,133121
100175572,836
100183866,57587
100181643,167153
778566,1879
100187546,3818
497244,3818
100182205,3818
100180121,3818
100176264,3818
100187276,7015
100187395,23305
100180897,23305
100181730,23305
100180404,23176
100184075,134549
100180671,27089
100186791,2173
778781,30012
100177394,167838
100184245,285761
100185094,94081
113474070,57107
100187314,9263
100177280,79685
100178199,6208
778977,63974
100185310,154743
100169996,10569
100183963,8645
100185341,219557
100186480,154865
100177703,2171
100176359,5224
100186405,25798
100176190,25798
100181651,25798
100187116,146861
100177875,146861
100182871,146861
100179909,1508
100181625,136288
100179505,136288
778864,3174
778746,3174
100180856,5885
100176076,5885
100181710,90390
100178548,157869
100177605,54919
100179367,761
100187409,83590
100179178,154791
100184485,501
778631,8323
100185086,115908
100184440,81034
100183873,25879
100179349,55656
100185994,54704
100175056,9897
100184985,157378
100179868,54769
100178084,55335
778691,4783
100185629,79698
778698,157848
100176951,57094
100179788,57094
100183764,216
100184767,216
100177511,84267
100176401,155368
100178746,5277
778849,55342
497238,139324
100178719,4712
100187157,7415
100179894,7486
100185305,1073
100175175,1073
100179515,2957
100185842,220963
100182202,220963
100178687,220963
100183634,220963
100180621,220963
100184193,220963
100183675,2350
100183586,2350
100178291,2350
751096,401
100178560,4153
100180090,221035
751579,51585
778904,63876
100181542,139081
100184133,9147
100185836,382
100182702,122945
100179164,83592
100175192,83592
494429,83592
100183985,8559
100184654,7417
100183524,23172
100175802,10935
100179079,51266
100186033,23203
778863,90167
100187265,7248
100181600,3251
100186402,138311
100170002,116225
100177927,65991
100175572,840
100169994,53349
100185237,259217
100183896,122961
100182865,29763
113474389,53981
100184399,9200
778541,139135
100186343,116173
100185963,116173
100186296,116173
100180658,116173
100170087,170689
100180306,27079
100184020,4714
100180559,6692
445628,8945
100177768,25911
100179196,123228
100177051,9318
100186050,219793
100177892,10818
100181431,10576
100169994,79156
100186563,6609
100184368,3611
778910,317754
100187260,80168
100176772,51700
100177703,1381
100185629,84460
778886,254225
100184308,55839
100182206,440026
100185837,114780
100182315,54495
100186458,7465
101242339,8509
445694,144568
100177154,146167
445774,146167
100183780,90701
100183187,115811
100182930,201161
100177365,51647
100177721,146845
445656,10904
100180313,780776
100176522,164
100177142,117155
100184069,84191
100182832,9768
100186045,197257
100180565,8800
778678,55897
100177894,348093
100178190,63928
100181148,6809
100181041,54893
100182371,54893
778571,26585
100184454,245802
100187041,245802
100175973,245802
100179756,245802
100178286,245802
100186170,245802
100175852,245802
100186658,245802
100178286,58475
100186170,58475
100179756,58475
100184454,58475
100175852,58475
100187041,58475
100186658,58475
100175973,58475
100187041,84689
100179756,84689
100184454,84689
100175973,84689
100178286,84689
100186658,84689
100186170,84689
100175852,84689
100175852,64232
100178286,64232
100187041,64232
100184454,64232
100186170,64232
100186658,64232
100175973,64232
100179756,64232
445739,2038
100178575,4088
100178286,83661
100186170,83661
100184454,83661
100175973,83661
100187041,83661
100179756,83661
100186658,83661
100184454,219995
100175852,219995
100178286,219995
100175973,219995
100179756,219995
100186658,219995
100186170,219995
100187041,219995
100177967,91433
100181072,10982
100182315,2923
104266883,11051
778698,4824
778775,7008
778904,5090
100182107,128859
100181179,80221
100184934,51117
100187395,10999
100180897,10999
100181730,10999
100175299,2021
100177404,10229
100183714,51704
100184384,83473
100180111,84064
100185985,146713
101242316,10449
780870,79001
100178185,79001
100180230,4025
100179367,762
100183171,2879
100184077,54815
100184078,81620
100182304,51693
100184047,6137
100186103,90313
100177325,53916
100181104,2819
100183845,57348
100176210,90522
100186702,352909
100180253,8581
100184972,8581
100182600,8581
100186306,80700
100176864,51031
100181010,113655
100178577,83547
100181824,55720
100182774,124936
100182976,124975
100186452,83659
100183409,283987
100176514,3396
100184784,1581
100186285,64223
104265585,1775
100177419,1775
100187147,54949
100179674,55048
100176873,26580
100177778,5436
100175499,89849
778607,116071
778544,116071
100176517,283234
100179846,55872
100178157,5049
100175348,84309
100186509,54541
445779,3516
100183164,132158
751566,359948
100183021,64943
100181998,64943
100180969,200845
100186673,8309
100186223,8309
778655,3660
778653,3660
778652,3660
778654,3660
100178733,123099
113474072,1841
100184129,84289
100176021,23192
100185956,197259
100185334,91949
100178398,55806
100180090,80346
100184400,661
100181411,2237
445680,2339
104265369,347735
100182325,3622
100185263,154007
100187409,79089
100180969,146212
100180621,9122
100185842,9122
100182202,9122
100178687,9122
100184193,9122
100183634,9122
100179367,766
100179607,26505
100181270,2948
100178653,2948
100186966,2948
100184425,2948
100177239,2948
104265697,113455421
104265697,54921
100181991,9836
100179814,53407
100184797,85476
100182077,79155
100178172,388969
100187116,80723
100182871,80723
100177875,80723
100181838,1504
100181838,440387
100184063,56947
100177491,7386
778923,5604
778599,367
100185129,207063
100182258,207063
100179350,207063
100181359,207063
100176165,79663
100180490,79663
100185131,79663
494417,79663
113475085,79663
100180593,79663
100175052,79663
100179341,79663
778545,22809
100184965,137362
113474034,255738
100187212,23214
100179114,27166
100169670,7059
100178764,7059
619278,7059
100169671,7059
100179367,11238
100185787,55974
778915,1942
778592,1942
778593,1942
100179164,7881
100175192,7881
494429,7881
100182710,126669
100187213,190
100177822,11141
100182315,204474
100183724,7369
494397,7369
100178581,7369
100184343,7369
100177281,7369
100182174,7369
100175357,7369
100177359,7369
100181010,9197
100177156,4881
100183963,51305
100180531,6383
100179685,25932
100180334,25932
100184275,285605
100180334,9022
100179685,9022
100186474,283899
100186196,150468
100183296,2194
100176942,2873
778624,5986
778625,5986
778626,5986
778622,5986
778897,123591
100181195,3185
445800,3185
100177589,55454
100169918,81844
100181538,163688
100178689,3684
100182403,3684
100181744,8460
100183108,163590
100185977,159119
104265312,131616
778902,10746
100178572,83443
100184385,23235
100184783,245806
100182202,9121
100183634,9121
100180621,9121
100185842,9121
100184193,9121
100178687,9121
100178903,2172
100178307,10826
100180658,152189
100185963,152189
100186343,152189
100186296,152189
100186367,11337
100177703,2167
778544,2353
778607,2353
778588,2018
100183714,55890
101242218,196410
100185027,196410
113474038,196410
100176602,196410
100177375,196410
100181888,196410
100185889,3035
778826,152518
100179691,79697
100183502,202051
100178292,51237
778541,4862
100182900,79071
100175475,57228
100176696,57228
751566,26145
445732,375611
100186574,375611
100180627,80305
780703,11016
778543,11016
100184903,89882
100183669,8493
100180439,79188
100184857,6203
100175981,5319
100180840,5319
100184455,5319
100177239,2941
100181270,2941
100178653,2941
100186966,2941
100184425,2941
100183426,85315
100181460,85315
100182231,5232
100182982,90161
100181041,4534
100182371,4534
100185977,100506164
100178028,27094
100184793,2525
100186547,2525
494349,2525
100179758,2525
100182807,2525
445721,2525
100185173,2525
100187188,2525
100185924,2525
100186310,84522
100175433,84233
100175433,55863
778972,3726
494405,283742
100181727,124583
100170065,84287
100176359,5223
100185252,1184
100182937,11076
100176358,9
100181328,9
778856,24149
100187123,26156
100187271,2110
445655,23566
778977,4761
779005,23440
100180112,5293
778828,2186
100183298,198437
100181990,57687
100180278,57687
104265995,57687
100184065,57687
100186832,2628
100184566,4815
100182434,5728
100177158,6201
100186171,57834
100180750,57834
100187185,57834
100181326,57834
108949285,57834
108949918,57834
100176155,83660
100180313,51030
100179352,91647
100180750,126410
108949285,126410
108949918,126410
100186420,83450
100178398,221037
100185963,4118
100180658,4118
100186343,4118
100186296,4118
100186458,9451
100175666,126308
100185629,51315
100187383,28998
100185957,10892
100178269,3669
100178752,3400
778977,474
100179079,64581
100186957,140733
100185972,1798
778663,253782
100179079,160364
101242566,199857
100184967,8801
100178222,80765
100181380,80765
778541,9915
100183747,10978
100179789,221421
100176234,54676
445721,10690
100184793,10690
100179758,10690
100185924,10690
100186547,10690
100187188,10690
494349,10690
100182807,10690
100185173,10690
100185977,86614
494372,390154
100178614,4299
100179909,1521
100175771,5883
100185629,64393
100170017,93550
100184454,341116
100187041,341116
100179756,341116
100178286,341116
100175852,341116
100186658,341116
100186170,341116
100175973,341116
445721,84750
100185924,84750
100186547,84750
100184793,84750
494349,84750
100182807,84750
100179758,84750
100187188,84750
100185173,84750
778740,29942
100180390,256076
100186070,256076
100183796,256076
100175175,1072
100185305,1072
100181774,283985
100184638,254122
100181786,254122
100184784,9420
778742,5916
780719,5916
100169895,8824
100182711,8824
100185994,57546
100178049,57546
100183363,57546
100176643,1717
100176558,253558
100181990,130
104265995,130
100180278,130
100184065,130
100181412,130
100178996,60495
100178996,10855
100178794,27235
445648,160762
100176523,78988
778599,2101
100175733,4580
100186293,165631
100184818,9657
100185366,153770
100182241,153770
100177532,144195
100177999,144195
100180650,144195
100186466,56834
101243169,653784
100187165,79660
100183963,10089
100179079,4973
100180010,256710
101242476,256710
100186797,256710
100180686,1600
100179502,51126
100183291,83591
100175378,2286
100183658,29925
100179303,27284
104266370,27284
100177098,27284
100183977,27284
100178661,27284
100186663,27284
100181119,27284
100181512,5091
100177880,100128327
100184780,9986
100187030,7388
100187398,1964
778770,6777
100176866,115123
100175804,128344
100176443,152002
100180617,84984
100184214,200933
100179909,8722
100184460,253827
100181270,2940
100184425,2940
100178653,2940
100186966,2940
100177239,2940
100175829,144577
100185829,10594
100182908,9416
100178268,23612
100180621,162515
100182202,162515
100185842,162515
100178687,162515
100183634,162515
100184193,162515
100178687,201232
100185842,201232
100183634,201232
100182202,201232
100184193,201232
100180621,201232
100178070,55055
100178222,147323
100181380,147323
100187432,65003
100184252,127845
494421,133022
100180258,124152
494423,6578
100183936,11041
100175325,6138
100182362,6731
100183291,152815
100181589,201627
100176210,10897
100185850,81876
100187111,285315
100179367,763
101242356,387718
100178763,1488
100178832,1488
100178837,79683
100186458,149420
778949,7189
100180313,201158
100175906,56945
100175281,55690
100181515,80851
100175475,253559
100176696,253559
100185994,22843
100181904,55486
100177936,5095
100185858,10025
100182641,89792
100178123,254295
100185132,254295
100185721,254295
613213,91464
100182647,8815
100183612,56674
100184340,84285
100178575,4087
100183816,8665
100177078,64770
100184014,55844
100180075,57804
100179887,5406
100186645,10589
100178668,51642
100178081,5870
778607,8061
778544,8061
778877,146691
100179821,122046
778682,22877
778568,7025
104266305,158135
100180875,55508
100183367,8607
104265377,2810
104265378,2810
100177381,2810
100178593,23399
751564,79666
445694,2
100180182,93129
778996,126792
100182374,9807
100177545,1479
100180662,79643
100182424,2877
100185977,124535
100182592,664
100176493,79915
104265895,339487
100169898,285800
100135650,51379
100179674,155382
100182816,1196
100180754,79446
100179866,51320
778982,90655
778904,90655
100185339,666
100181200,375189
100181542,158809
100169994,80230
113475729,23141
100175427,51301
100178779,51301
619275,51301
100187164,6470
100180174,4524
779003,10522
100175733,345778
100177012,23403
778891,54503
100186482,153129
100178882,340485
619233,391
100187231,171483
100184890,125228
100176649,6888
100180827,11253
100175261,219770
100181290,219770
100183530,162517
100180734,29928
100181542,64110
100181983,5074
778904,7050
100176045,167359
778746,7182
778864,7182
778977,167826
100175422,148109
100185034,401474
100175959,6181
778972,3725
100178367,387082
100181542,139422
100176696,25945
100175475,25945
100177875,83650
100187116,83650
100182871,83650
494358,2314
100186067,285525
100182328,66005
100180975,1176
100182493,2885
100184240,7334
100181530,93661
100186647,51272
100180936,60626
100177492,55272
100187163,140461
100177342,440836
100185857,129852
100175009,84552
100185081,143888
100182936,285498
100184547,146547
100178009,146547
100181974,11180
100182716,348654
100181806,8834
100182904,90637
100170016,90637
100181521,389072
778977,63973
100176441,2731
100175515,54681
100179367,767
778664,4094
778757,4094
100175204,80034
100182410,200895
100180479,2907
100181337,9377
100184380,284485
100179626,4351
100176159,26873
778725,9242
778702,9242
448996,9242
445746,2304
100184530,5198
100177012,55030
100180117,285237
100180339,84314
100179977,23212
100176196,55920
100169915,132625
100178563,59344
100184076,2517
100181542,9500
100175511,90480
778579,10620
100175281,23241
100186932,255520
100178563,242
100169904,246213
100175186,246213
100169995,81858
100178563,247
101243416,122876
100182937,122664
778977,220202
100186863,126326
100180825,284023
751570,10194
100178798,284273
778698,137814
778926,137814
100180404,1731
100182600,66004
100184972,66004
100180253,66004
493867,7054
100184736,1104
778849,8575
100181970,223082
778863,55785
100180969,386618
100180010,144321
101242476,144321
100186797,144321
100175476,374986
100180825,221687
100186547,2529
445721,2529
100185173,2529
100185924,2529
100187188,2529
100184793,2529
100179758,2529
100182807,2529
494349,2529
100183086,151963
100178793,55432
100179548,119467
100177154,120103
445774,120103
100176604,79642
100176278,5464
778977,27319
778571,64388
100178790,84698
494372,120796
100186466,283554
100179545,126003
100182802,4869
100177272,5430
100181445,219902
445617,347736
100184589,79777
113474074,6448
100180533,51649
104266251,286128
100178268,7262
494372,390155
494372,219464
100183736,205428
100176189,6478
100175404,22820
100186387,55343
100175475,201633
100176696,201633
100177999,6517
100180650,6517
100177532,6517
100185896,94033
100175623,94033
778977,4762
100183416,25834
100181865,25834
100187449,25834
100176033,7485
100176438,8633
100178125,51021
100176513,6472
100178138,84439
100181810,326340
100176001,124637
100179571,8905
100180789,3770
100183844,26233
100185748,388323
100181489,388323
100183093,122553
100183963,50801
751570,128553
100182844,3838
100183890,79598
100177988,79598
100177697,859
100183249,55256
101242339,9951
100185660,23236
100177777,23236
100181542,4692
100178669,340146
100183426,164091
100181460,164091
778664,389692
778757,389692
100178653,221357
100184425,221357
100181270,221357
100186966,221357
100177239,221357
100181542,645864
100181256,29035
100177471,79087
100182475,8241
101242233,222487
100183397,126637
100187539,126637
445687,6165
100177644,28970
100175702,161753
778679,9112
100175475,23705
100176696,23705
100186682,1468
104265415,164684
778698,1482
100180686,163933
100177262,2842
100181290,125111
100175261,125111
778910,388468
100177411,10856
100175149,390637
778951,51428
497239,9802
100186850,9403
100187231,171482
100181542,266740
101243063,163351
778608,2275
494372,120793
100184779,10946
778578,51270
100179079,8302
100183350,399814
100183675,390243
100178291,390243
100183586,390243
100185575,84734
100185381,116541
778834,80258
778701,9241
100184518,7378
100186343,146223
100186296,146223
100185963,146223
100180658,146223
780713,29110
778650,29110
445798,668
100180969,57528
100180134,10317
100180969,386617
100182348,100506888
100181195,389677
445800,389677
100185052,256281
100185472,339416
100176604,340075
100178698,100288072
100182496,100288072
100186007,100288072
100185119,100288072
100175469,100288072
100185994,151649
100183363,151649
100178049,151649
100185744,8073
445684,71
100185562,71
100180059,26276
778860,55803
100177780,126382
100186257,152579
100181334,140739
778977,116448
100180469,220
100175631,8338
100183963,56660
100175631,317772
497238,5463
100179079,160365
778593,1946
778592,1946
778915,1946
100178377,11187
100175402,10584
100182309,10584
100178403,9276
100183291,80764
494372,390083
497238,5454
100180404,10801
100182205,203074
100187546,203074
100176264,203074
497244,203074
100180121,203074
100180404,5413
100178230,619189
100183306,25923
445639,6991
100178309,340562
100186871,79135
100178367,6612
108950015,83943
778576,728656
100183646,391356
100179441,4700
100178450,10572
100179714,26985
100185509,93034
100179367,377677
778664,23764
778757,23764
100178190,10519
100177825,57419
100181381,11124
100180686,131583
778740,5813
100177822,59307
100175425,9230
100181542,4110
100183566,285755
100175410,283991
100178512,441549
100175402,729238
100182309,729238
100178432,115749
100185885,6948
100182982,266722
778843,9146
100181925,5892
100179624,64754
778761,64754
101242218,25840
100176602,25840
100181888,25840
113474038,25840
100180046,25840
100185027,25840
100177375,25840
100182844,402569
778653,3665
778652,3665
778654,3665
778655,3665
100184124,5592
778864,7026
778746,7026
100177824,8788
100182315,64714
100187268,64714
100182315,5034
100184104,5719
778904,5087
497238,5453
778762,333929
100178400,254773
100176087,254773
100186471,254956
100184910,4603
100177117,4733
778849,105
104265388,6345
101243120,10134
100184752,51326
100186478,286183
100180841,55599
100184412,23299
100177042,55217
100177204,84871
100186171,8529
100187185,8529
100181326,8529
108949285,8529
108949918,8529
100180750,8529
100186818,10623
100187185,199974
100186171,199974
100181326,199974
108949918,199974
100180750,199974
108949285,199974
100182107,359710
100182107,149954
100181326,66002
108949285,66002
100186171,66002
108949918,66002
100187185,66002
100180750,66002
100184422,55330
100184454,389177
100186658,389177
100179756,389177
100187041,389177
100186170,389177
100178286,389177
100175973,389177
100177154,285641
445774,285641
445774,153201
100177154,153201
100169670,7058
100169671,7058
100178764,7058
619278,7058
778746,6256
778864,6256
100181326,260293
108949918,260293
108949285,260293
100187185,260293
100186171,260293
100180750,260293
100184003,3840
445689,6228
100181020,158798
751566,23040
100177781,257106
100180404,151011
100180750,11283
100180750,4051
108949285,4051
108949918,4051
778761,114826
100179624,114826
100181413,84842
100181542,139599
778614,399823
100183963,338567
445727,23275
494372,138805
100183084,200728
778891,23390
100185469,440585
100186461,64800
100176140,256949
445729,6007
445747,6007
445799,6007
100179887,5407
100187185,1579
100181326,1579
100180750,1579
108949285,1579
108949918,1579
100186171,1579
100186699,51259
100181226,285382
100177777,5333
100185660,5333
100181442,957
100176226,1645
100175192,1645
100187122,1645
100179164,1645
494429,1645
100186461,374955
619275,2650
100178779,2650
100175427,2650
100181542,81557
100187231,171484
100177176,51616
100178190,11261
100180954,3767
100185848,51547
778910,404785
100176978,392636
100175135,342977
100185629,201181
100181542,28986
100178224,94107
104265995,124
100184065,124
100180278,124
100181990,124
100181412,124
100169987,389421
100186402,125704
100178848,8632
100177824,375033
100175085,388335
101242405,57048
100177190,57048
100179531,57048
100185032,57048
100183767,1978
778542,121549
100187037,400891
100182351,341350
100170000,50626
100175981,391013
100180840,391013
100184455,391013
100178577,353116
778678,145873
100179599,5575
100186269,123879
778910,445582
101242512,10383
100175981,5320
100184455,5320
100180840,5320
100184970,123688
100187300,344657
100179943,2963
100186757,440093
100181080,5535
100178190,5535
101242389,5535
100179079,387836
100183423,343521
100181542,347541
100175135,339345
100177468,284325
100179351,27158
100186181,345630
100186478,154215
100178223,344838
100180771,653820
100178367,6613
100175135,340719
100175266,387707
100179482,283726
445729,6006
445747,6006
445799,6006
100179207,7390
494372,390084
100183327,144404
100184455,30814
100175981,30814
100180840,30814
445655,1269
778910,340441
100179079,346689
100178376,339287
100175762,401494
100185443,257177
100183854,126767
100186426,25920
100179887,149998
100179869,135458
100180969,283219
100181542,139604
101243416,93659
100182368,347
100183327,83862
100178056,23450
100177822,26280
100181766,400581
100181810,646799
100183817,4128
100183814,7259
100177436,55629
100175152,2272
100181766,400745
100177822,3556
751566,4661
100176226,8644
100175192,8644
494429,8644
100179164,8644
100187122,8644
100186271,26010
100177098,442038
104266370,442038
100181119,442038
100179303,442038
100186663,442038
100183977,442038
100178661,442038
100178802,6829
101243416,94027
100180278,131
100181412,131
104265995,131
100184065,131
100181990,131
100176938,11091
100187188,2526
445721,2526
100184793,2526
494349,2526
100186547,2526
100185173,2526
100185924,2526
100179758,2526
100182807,2526
100177452,2547
100186582,30849
778599,2104
100178661,6817
100181119,6817
100177098,6817
104266370,6817
100186663,6817
100179303,6817
100183977,6817
100187102,54785
100180771,729533
100176604,55959
100186761,3066
778910,728378
100181412,125
100184065,125
100180278,125
104265995,125
100181990,125
778914,6925
100175927,1612
497238,5456
100183161,89853
778910,653269
100183146,387990
100177804,9260
100181572,9260
100176938,54554
100181401,11152
100183552,401124
778664,4097
778757,4097
100177480,79690
100175857,123096
100185939,51703
100178170,27044
100181119,6799
100177098,6799
100183977,6799
100179303,6799
100186663,6799
100178661,6799
104266370,6799
100181542,4105
100177999,155184
100177532,155184
100180650,155184
100176140,25959
101242363,137797
778849,104
100177703,646486
100185375,23729
100186348,373156
100182954,373156
100176052,50861
100177999,81031
100177532,81031
100180650,81031
100176470,84154
100169684,142678
100177059,23556
445807,3201
100178028,10242
100181442,955
100180839,5167
100180455,6231
497244,1675
100178444,440738
100183184,79892
100177022,55210
100187137,255119
100186085,81553
100184065,128
100180278,128
100181990,128
104265995,128
100181412,128
100185660,5336
100177777,5336
100183854,344752
100184231,6136
100186020,54898
100179079,283420
100184420,3792
100185176,7278
100176054,5557
778910,23784
100175192,57016
100187122,57016
100179164,57016
494429,57016
100176226,57016
100177098,27233
100179303,27233
100178661,27233
100186663,27233
100181119,27233
100183977,27233
104266370,27233
100180278,127
100181412,127
100184065,127
100181990,127
104265995,127
445655,1902
100179038,10905
100186953,65992
778578,7027
100182107,51297
100178661,6819
104266370,6819
100181119,6819
100179303,6819
100177098,6819
100183977,6819
100186663,6819
100181145,7789
100170042,7789
100170041,7789
100177439,6815
100186680,84433
100179058,55153
100176751,7405
100181145,158586
100170041,158586
100170042,158586
100184789,83699
100184787,192134
100186990,192134
100181500,192134
100180782,192134
445600,192134
100186979,192134
100180134,192134
101243063,51062
778664,7975
778757,7975
100180969,283518
100178377,1500
100182691,117157
100175348,131870
100175426,9874
494429,1109
100179164,1109
100175192,1109
100176226,1109
100187122,1109
100183684,6898
100181542,4100
445752,9060
100187398,9086
100182424,257202
100175816,9646
100185184,64093
100180566,64064
100181568,4736
100183994,23127
778565,29883
100178536,192683
100181542,4114
778617,22887
100177665,113402
100186850,140606
100176093,51465
100184342,112970
100169895,1066
100182711,1066
100186213,58505
100181789,23137
100181530,830
778902,4215
497238,5455
100187134,51490
100180686,9722
100186031,353
100181542,57692
100182270,4668
445739,7052
100183220,375057
100179603,128387
100179651,127670
778863,345930
100185700,92565
100179539,448834
100177985,196051
100179887,119548
100186007,3283
100178698,3283
100175469,3283
100185119,3283
100182496,3283
100178698,3284
100182496,3284
100175469,3284
100186007,3284
100185119,3284
497238,347475
100178840,84455
778664,9935
778757,9935
100184905,26146
100186192,53344
100169994,55680
100183390,65979
100183957,255220
100181030,255220
100184540,1616
100184540,113523636
778777,659
100184861,7923
100179203,7923
778864,6257
778746,6257
780871,4855
778982,5089
778904,5089
100176930,64978
100187381,388419
100183246,1797
100182171,7936
100180725,6392
100186095,80737
445589,1460
100176696,259197
100175475,259197
100183854,343066
497238,5460
100183210,28973
100183035,2794
100178900,6992
100178267,6992
100179473,10399
100176540,84335
100176448,138255
100179722,83538
100178296,392307
100186658,503497
100179756,503497
100187041,503497
100186170,503497
100178286,503497
100184454,503497
100175852,503497
100175973,503497
100185575,441376
100180378,286144
778579,138715
100177703,646480
100187449,152586
100183416,152586
100181865,152586
100175483,10527
100187546,3426
100178514,255919
101242403,92270
100181589,414918
100176604,347527
100187202,347527
100176335,645432
100185112,403313
100179079,3822
100179079,3823
100184902,647309
448996,727857
778725,727857
778702,727857
778977,10215
100177892,220164
100183762,402160
100182348,51224
100184399,201562
100184783,389136
100181090,131965
100182424,2878
100178735,55652
497238,5462
101243416,94115
100177665,375035
100180883,255758
778766,6827
445609,83463
100184425,2946
100177239,2946
100186966,2946
100178653,2946
100181270,2946
100175780,55559
100181542,4111
100182131,55333
100178355,402
101243063,388646
100182253,10011
100175950,414919
100184654,7416
100187142,3073
100178428,3073
100183052,4722
100177098,445329
100179303,445329
100178661,445329
100181119,445329
100186663,445329
104266370,445329
100183977,445329
100180334,1192
100179685,1192
100179243,23564
100180969,147040
100178049,147699
100183363,147699
100185994,147699
104265585,1773
100177419,1773
778654,10379
778652,10379
778653,10379
778655,10379
100182403,3672
100178689,3672
100184407,390916
100176585,30851
100176522,8906
100183233,55739
100179705,53345
101242251,53345
100185062,107987373
100185062,6150
101242487,79086
100180473,157574
100183113,8904
100183881,8904
100186458,494551
100181542,4112
100180468,26292
100185013,51024
100182198,79441
100179278,57412
100181209,57412
100175422,100528020
100181424,730005
100179756,728588
100175973,728588
100187041,728588
100175852,728588
100184454,728588
100186170,728588
100186658,728588
100178286,728588
100178286,643680
100186170,643680
100184454,643680
100175973,643680
100179756,643680
100187041,643680
100186658,643680
100186230,100130742
100181040,729920
113474197,692094
100176209,730112
100187227,134121
100182936,100507650
100184873,4636
108949268,4636
100177714,4636
108949268,4636
100180062,4636
100184873,4636
108949268,4636
100184873,4636
100184404,100526842
100185575,400831
100180771,728833
100177287,10437
100186296,51192
100186343,51192
100185963,51192
100180658,51192
100187016,51025
100187165,648791
778566,64641
100187330,5534
100181542,4102
100184014,5520
100181774,3995
100177816,81669
100185384,7311
778910,641455
778910,653781
100176467,6293
100182069,548596
100178741,548596
100182930,389857
100185748,80772
100182930,347549
445694,721
100184890,342371
100182424,2880
100181521,9842
445732,65010
100186574,65010
100184708,348751
100186760,79134
100176359,441531
494429,441282
100187122,441282
100176226,441282
100179164,441282
100175192,441282
100178536,113178
100169660,4050
100181341,246721
100184752,51326
100184752,100506084
100184752,100996709
100182410,1719
778698,390010
778910,100287399
100180079,84320
100169915,404281
100176016,28985
100180825,643596
100182424,2876
778725,117581
778702,117581
448996,117581
778910,100996331
100187030,440567
100184902,345643
100185697,342918
100176484,51236
100176935,51236
778698,54729
100179079,154790
100182871,646000
100177875,646000
100187116,646000
100175394,646498
100178741,1159
100182069,1159
100180404,90120
100185063,8742
494373,8742
100180686,400793
100175627,4282
100183461,4282
445803,27297
100182886,202658
100182886,79897
100178344,9551
445773,10093
100185873,1325
100182145,10552
100179838,539
100175200,80301
100181036,112817
100183259,5822
104265533,25764
100182682,23600
100182480,51537
100180058,398
100185661,26286
100178387,3692
100179515,11036
100180648,26063
100185689,26063
100175810,161497
100183767,8637
100177437,692312
100180969,154881
778593,1945
778915,1945
778592,1945
100182190,24142
100178206,140870
100180559,140870
100186562,149465
100181237,100137047
100181270,2938
100177239,2938
100186966,2938
100178653,2938
100184425,2938
100182499,57529
100178567,1650
100169913,147007
100177239,2939
100178653,2939
100186966,2939
100181270,2939
100184425,2939
100184763,552891
100183350,64396
445800,10137
100181195,10137
100176076,642636
100180856,642636
100182783,152206
445694,720
445694,110384692
100175631,55766
100184456,593
100184065,126
100181990,126
104265995,126
100181412,126
100180278,126
100184330,984
497238,134187
100176419,100526664
494373,407977
100185063,407977
100180559,100526773
100179294,221409
100179548,645104
100185861,100506564
100176174,100526767
100185622,10016
100184172,283847
100178177,90423
100184320,345051
100185509,100526794
100181393,390667
100180840,729330
100175981,729330
100184455,729330
100180498,440138
100184449,54984
100181542,54551
445749,283106
100179866,92312
100185963,100529251
100180658,100529251
100186296,100529251
100186343,100529251
101242531,729991
100184431,100130274
100179909,1519
493858,161582
100175647,3145
100179079,387837
100179079,100431172
100179935,160728
100187546,3240
497244,3240
100175191,57189
100180168,26065
100182889,100529261
100182889,2342
100179848,255411
100178444,643246
100179079,23601
100184063,124944
100181118,100529063
100182131,100529257
100185701,388021
100180313,100533496
100179396,3690
100177875,643664
100187116,643664
100182871,643664
100176500,23732
100178472,23732
100184171,23732
100177903,94086
778702,642658
448996,642658
778725,642658
100177098,6818
100181119,6818
104266370,6818
100179303,6818
100186663,6818
100178661,6818
100183977,6818
100182799,145788
100187546,3250
497244,3250
778702,100129654
778725,100129654
448996,100129654
100180771,554282
780713,9641
778650,9641
113474197,4477
100175225,388677
723806,388677
723807,140735
100185146,9939
100187325,100287932
100184404,6139
100184120,100885848
778543,114108587
780703,114108587
101243416,114335
100182887,55957
100176555,4701
100181542,728269
100183291,644100
778691,107983991
100181542,4101
100185977,100130086
778576,63947
100182627,100527978
100177199,100527978
100178966,154313
100177176,6880
100184811,195977
778935,30837
100183259,102724159
100178654,388381
100180182,84876
100178595,6871
100185062,107987373
100184240,389898
778910,102723502
100179685,25774
100184961,25774
100180334,25774
100176187,25774
100178265,25774
100183297,25774
100179669,25774
100185837,342372
778910,100288966
113474124,5691
100176622,6716
100177804,29964
100181572,29964
778910,102724631
100183772,79154
100175937,79154
100186983,84311
100182930,441495
100182340,101929469
100183571,101929355
100185977,101927685
100185977,101928917
445653,105371346
100181904,55486
100178673,112694756
100176985,11046
100185135,114483834
100183378,149951
100181341,548644
100182293,6648
100175225,100996763
723806,100996763
100184669,100996693
100175225,100996717
723806,100996717
100175378,114841035
100186307,115253422
100182808,100533105
