Scientific.name,Abbreviation,SOURCEDB,Common.name,Taxon.ID,No.LR
Danio rerio,Dre,ENSEMBL_DLRP|ENSEMBL_IUPHAR|ENSEMBL_HPMR|ENSEMBL_CELLPHONEDB|ENSEMBL_SINGLECELLSIGNALR|NCBI_DLRP|NCBI_IUPHAR|NCBI_HPMR|NCBI_CELLPHONEDB|NCBI_SINGLECELLSIGNALR|SWISSPROT_STRING|TREMBL_STRING,Zebrafish,7955,65286
Homo sapiens,Hsa,DLRP|IUPHAR|HPMR|CELLPHONEDB|SINGLECELLSIGNALR|FANTOM5|BADERLAB|SWISSPROT_HPRD|TREMBL_HPRD|SWISSPROT_STRING|TREMBL_STRING,Human,9606,48746
Mus musculus,Mmu,ENSEMBL_DLRP|ENSEMBL_IUPHAR|ENSEMBL_HPMR|ENSEMBL_CELLPHONEDB|ENSEMBL_SINGLECELLSIGNALR|NCBI_DLRP|NCBI_IUPHAR|NCBI_HPMR|NCBI_CELLPHONEDB|NCBI_SINGLECELLSIGNALR|SWISSPROT_STRING|TREMBL_STRING,Mouse,10090,29168
Rattus norvegicus,Rno,ENSEMBL_DLRP|ENSEMBL_IUPHAR|ENSEMBL_HPMR|ENSEMBL_CELLPHONEDB|ENSEMBL_SINGLECELLSIGNALR|NCBI_DLRP|NCBI_IUPHAR|NCBI_HPMR|NCBI_CELLPHONEDB|NCBI_SINGLECELLSIGNALR|SWISSPROT_STRING|TREMBL_STRING,Rat,10116,16563
Bos taurus,Bta,ENSEMBL_DLRP|ENSEMBL_IUPHAR|ENSEMBL_HPMR|ENSEMBL_CELLPHONEDB|ENSEMBL_SINGLECELLSIGNALR|NCBI_DLRP|NCBI_IUPHAR|NCBI_HPMR|NCBI_CELLPHONEDB|NCBI_SINGLECELLSIGNALR|SWISSPROT_STRING|TREMBL_STRING,Cow,9913,13778
Pongo abelii,Pab,ENSEMBL_DLRP|ENSEMBL_IUPHAR|ENSEMBL_HPMR|ENSEMBL_CELLPHONEDB|ENSEMBL_SINGLECELLSIGNALR|RBBH_DLRP|RBBH_IUPHAR|RBBH_HPMR|RBBH_CELLPHONEDB|RBBH_SINGLECELLSIGNALR|SWISSPROT_STRING|TREMBL_STRING,Orangutan,9601,12552
Pan troglodytes,Pto,ENSEMBL_DLRP|ENSEMBL_IUPHAR|ENSEMBL_HPMR|ENSEMBL_CELLPHONEDB|ENSEMBL_SINGLECELLSIGNALR|NCBI_DLRP|NCBI_IUPHAR|NCBI_HPMR|NCBI_CELLPHONEDB|NCBI_SINGLECELLSIGNALR|RBBH_DLRP|RBBH_IUPHAR|RBBH_HPMR|RBBH_CELLPHONEDB|RBBH_SINGLECELLSIGNALR,Chimpanzee,9598,11808
Macaca mulatta,Mml,ENSEMBL_DLRP|ENSEMBL_IUPHAR|ENSEMBL_HPMR|ENSEMBL_CELLPHONEDB|ENSEMBL_SINGLECELLSIGNALR|NCBI_DLRP|NCBI_IUPHAR|NCBI_HPMR|NCBI_CELLPHONEDB|NCBI_SINGLECELLSIGNALR|RBBH_DLRP|RBBH_IUPHAR|RBBH_HPMR|RBBH_CELLPHONEDB|RBBH_SINGLECELLSIGNALR,Rhesus monkey,9544,11325
Canis familiaris,Cfa,ENSEMBL_DLRP|ENSEMBL_IUPHAR|ENSEMBL_HPMR|ENSEMBL_CELLPHONEDB|ENSEMBL_SINGLECELLSIGNALR|NCBI_DLRP|NCBI_IUPHAR|NCBI_HPMR|NCBI_CELLPHONEDB|NCBI_SINGLECELLSIGNALR|RBBH_DLRP|RBBH_IUPHAR|RBBH_HPMR|RBBH_CELLPHONEDB|RBBH_SINGLECELLSIGNALR,Dog,9615,10501
Sus scrofa,Ssc,ENSEMBL_DLRP|ENSEMBL_IUPHAR|ENSEMBL_HPMR|ENSEMBL_CELLPHONEDB|ENSEMBL_SINGLECELLSIGNALR|SWISSPROT_STRING|TREMBL_STRING,Pig,9823,9644
Nomascus leucogenys,Nle,ENSEMBL_DLRP|ENSEMBL_IUPHAR|ENSEMBL_HPMR|ENSEMBL_CELLPHONEDB|ENSEMBL_SINGLECELLSIGNALR|RBBH_DLRP|RBBH_IUPHAR|RBBH_HPMR|RBBH_CELLPHONEDB|RBBH_SINGLECELLSIGNALR,Northern white-cheeked gibbon,61853,9362
Gallus gallus,Gga,ENSEMBL_DLRP|ENSEMBL_IUPHAR|ENSEMBL_HPMR|ENSEMBL_CELLPHONEDB|ENSEMBL_SINGLECELLSIGNALR|NCBI_DLRP|NCBI_IUPHAR|NCBI_HPMR|NCBI_CELLPHONEDB|NCBI_SINGLECELLSIGNALR|SWISSPROT_STRING|TREMBL_STRING,Chicken,9031,9060
Ailuropoda melanoleuca,Ame,ENSEMBL_DLRP|ENSEMBL_IUPHAR|ENSEMBL_HPMR|ENSEMBL_CELLPHONEDB|ENSEMBL_SINGLECELLSIGNALR|RBBH_DLRP|RBBH_IUPHAR|RBBH_HPMR|RBBH_CELLPHONEDB|RBBH_SINGLECELLSIGNALR,Panda,9646,8472
Cavia porcellus,Cpo,ENSEMBL_DLRP|ENSEMBL_IUPHAR|ENSEMBL_HPMR|ENSEMBL_CELLPHONEDB|ENSEMBL_SINGLECELLSIGNALR|RBBH_DLRP|RBBH_IUPHAR|RBBH_HPMR|RBBH_CELLPHONEDB|RBBH_SINGLECELLSIGNALR,Guinea pig,10141,8438
Callithrix jacchus,Cja,ENSEMBL_DLRP|ENSEMBL_IUPHAR|ENSEMBL_HPMR|ENSEMBL_CELLPHONEDB|ENSEMBL_SINGLECELLSIGNALR|RBBH_DLRP|RBBH_IUPHAR|RBBH_HPMR|RBBH_CELLPHONEDB|RBBH_SINGLECELLSIGNALR,Marmoset,9483,8379
Drosophila melanogaster,Dme,ENSEMBL_DLRP|ENSEMBL_IUPHAR|ENSEMBL_HPMR|ENSEMBL_CELLPHONEDB|ENSEMBL_SINGLECELLSIGNALR|NCBI_DLRP|NCBI_HPMR|NCBI_SINGLECELLSIGNALR|SWISSPROT_STRING|TREMBL_STRING,Fruit fly,7227,8122
Equus caballus,Eca,ENSEMBL_DLRP|ENSEMBL_IUPHAR|ENSEMBL_HPMR|ENSEMBL_CELLPHONEDB|ENSEMBL_SINGLECELLSIGNALR|RBBH_DLRP|RBBH_IUPHAR|RBBH_HPMR|RBBH_CELLPHONEDB|RBBH_SINGLECELLSIGNALR,Horse,9796,7042
Xenopus tropicalis,Xtr,ENSEMBL_DLRP|ENSEMBL_IUPHAR|ENSEMBL_HPMR|ENSEMBL_CELLPHONEDB|ENSEMBL_SINGLECELLSIGNALR|NCBI_DLRP|NCBI_IUPHAR|NCBI_HPMR|NCBI_CELLPHONEDB|NCBI_SINGLECELLSIGNALR|RBBH_DLRP|RBBH_IUPHAR|RBBH_HPMR|RBBH_CELLPHONEDB|RBBH_SINGLECELLSIGNALR|TREMBL_STRING,Tropical clawed frog,8364,6659
Ornithorhynchus anatinus,Oan,ENSEMBL_DLRP|ENSEMBL_IUPHAR|ENSEMBL_HPMR|ENSEMBL_CELLPHONEDB|ENSEMBL_SINGLECELLSIGNALR|RBBH_DLRP|RBBH_IUPHAR|RBBH_HPMR|RBBH_CELLPHONEDB|RBBH_SINGLECELLSIGNALR,Platypus,9258,5936
Oryctolagus cuniculus,Ocu,ENSEMBL_DLRP|ENSEMBL_IUPHAR|ENSEMBL_HPMR|ENSEMBL_CELLPHONEDB|ENSEMBL_SINGLECELLSIGNALR|RBBH_DLRP|RBBH_IUPHAR|RBBH_HPMR|RBBH_CELLPHONEDB|RBBH_SINGLECELLSIGNALR,Rabbit,9986,5795
Taeniopygia guttata,Tgu,ENSEMBL_DLRP|ENSEMBL_IUPHAR|ENSEMBL_HPMR|ENSEMBL_CELLPHONEDB|ENSEMBL_SINGLECELLSIGNALR|RBBH_DLRP|RBBH_IUPHAR|RBBH_HPMR|RBBH_CELLPHONEDB|RBBH_SINGLECELLSIGNALR,Zebra finch,59729,5063
Ovis aries,Oar,ENSEMBL_DLRP|ENSEMBL_IUPHAR|ENSEMBL_HPMR|ENSEMBL_CELLPHONEDB|ENSEMBL_SINGLECELLSIGNALR,Sheep,9940,4762
Oreochromis niloticus,Oni,ENSEMBL_DLRP|ENSEMBL_IUPHAR|ENSEMBL_HPMR|ENSEMBL_CELLPHONEDB|ENSEMBL_SINGLECELLSIGNALR|RBBH_DLRP|RBBH_IUPHAR|RBBH_HPMR|RBBH_CELLPHONEDB|RBBH_SINGLECELLSIGNALR,Nile tilapia,8128,4741
Loxodonta africana,Laf,ENSEMBL_DLRP|ENSEMBL_IUPHAR|ENSEMBL_HPMR|ENSEMBL_CELLPHONEDB|ENSEMBL_SINGLECELLSIGNALR|RBBH_DLRP|RBBH_IUPHAR|RBBH_HPMR|RBBH_CELLPHONEDB|RBBH_SINGLECELLSIGNALR,Elephant,9785,4735
Macaca nemestrina,Mne,ENSEMBL_DLRP|ENSEMBL_IUPHAR|ENSEMBL_HPMR|ENSEMBL_CELLPHONEDB|ENSEMBL_SINGLECELLSIGNALR,Pig-tailed macaque,9545,4691
Rhinopithecus roxellana,Rro,ENSEMBL_DLRP|ENSEMBL_IUPHAR|ENSEMBL_HPMR|ENSEMBL_CELLPHONEDB|ENSEMBL_SINGLECELLSIGNALR,Golden snub-nosed monkey,61622,4657
Meleagris gallopavo,Mga,ENSEMBL_DLRP|ENSEMBL_IUPHAR|ENSEMBL_HPMR|ENSEMBL_CELLPHONEDB|ENSEMBL_SINGLECELLSIGNALR|RBBH_DLRP|RBBH_IUPHAR|RBBH_HPMR|RBBH_CELLPHONEDB|RBBH_SINGLECELLSIGNALR,Turkey,9103,4629
Rhinopithecus bieti,Rbi,ENSEMBL_DLRP|ENSEMBL_IUPHAR|ENSEMBL_HPMR|ENSEMBL_CELLPHONEDB|ENSEMBL_SINGLECELLSIGNALR,Black snub-nosed monkey,61621,4554
Monodelphis domestica,Mdo,ENSEMBL_DLRP|ENSEMBL_IUPHAR|ENSEMBL_HPMR|ENSEMBL_CELLPHONEDB|ENSEMBL_SINGLECELLSIGNALR|RBBH_DLRP|RBBH_IUPHAR|RBBH_HPMR|RBBH_CELLPHONEDB|RBBH_SINGLECELLSIGNALR,Gray short-tailed opossum,13616,4537
Mus caroli,Mca,ENSEMBL_DLRP|ENSEMBL_IUPHAR|ENSEMBL_HPMR|ENSEMBL_CELLPHONEDB|ENSEMBL_SINGLECELLSIGNALR,Ryukyu mouse,10089,4532
Microtus ochrogaster,Moc,ENSEMBL_DLRP|ENSEMBL_IUPHAR|ENSEMBL_HPMR|ENSEMBL_CELLPHONEDB|ENSEMBL_SINGLECELLSIGNALR,Prairie vole,79684,4464
Gorilla gorilla gorilla,Ggg,ENSEMBL_DLRP|ENSEMBL_IUPHAR|ENSEMBL_HPMR|ENSEMBL_CELLPHONEDB|ENSEMBL_SINGLECELLSIGNALR,Gorilla,9595,4453
Pan paniscus,Ppa,ENSEMBL_DLRP|ENSEMBL_IUPHAR|ENSEMBL_HPMR|ENSEMBL_CELLPHONEDB|ENSEMBL_SINGLECELLSIGNALR,Bonobo,9597,4427
Papio anubis,Pan,ENSEMBL_DLRP|ENSEMBL_IUPHAR|ENSEMBL_HPMR|ENSEMBL_CELLPHONEDB|ENSEMBL_SINGLECELLSIGNALR,Olive baboon,9555,4376
Nannospalax galili,Nga,ENSEMBL_DLRP|ENSEMBL_IUPHAR|ENSEMBL_HPMR|ENSEMBL_CELLPHONEDB|ENSEMBL_SINGLECELLSIGNALR,Upper Galilee mountains blind mole rat,1026970,4345
Bos indicus x Bos taurus,Bit,ENSEMBL_DLRP|ENSEMBL_IUPHAR|ENSEMBL_HPMR|ENSEMBL_CELLPHONEDB|ENSEMBL_SINGLECELLSIGNALR,Hybrid - Bos Indicus,30522,4322
Capra hircus,Chi,ENSEMBL_DLRP|ENSEMBL_IUPHAR|ENSEMBL_HPMR|ENSEMBL_CELLPHONEDB|ENSEMBL_SINGLECELLSIGNALR,Goat,9925,4300
Ictidomys tridecemlineatus,Itr,ENSEMBL_DLRP|ENSEMBL_IUPHAR|ENSEMBL_HPMR|ENSEMBL_CELLPHONEDB|ENSEMBL_SINGLECELLSIGNALR,Squirrel,43179,4262
Mandrillus leucophaeus,Mle,ENSEMBL_DLRP|ENSEMBL_IUPHAR|ENSEMBL_HPMR|ENSEMBL_CELLPHONEDB|ENSEMBL_SINGLECELLSIGNALR,Drill,9568,4262
Aotus nancymaae,Ann,ENSEMBL_DLRP|ENSEMBL_IUPHAR|ENSEMBL_HPMR|ENSEMBL_CELLPHONEDB|ENSEMBL_SINGLECELLSIGNALR,Ma's night monkey,37293,4253
Microcebus murinus,Mmr,ENSEMBL_DLRP|ENSEMBL_IUPHAR|ENSEMBL_HPMR|ENSEMBL_CELLPHONEDB|ENSEMBL_SINGLECELLSIGNALR,Mouse Lemur,30608,4224
Anolis carolinensis,Aca,ENSEMBL_DLRP|ENSEMBL_IUPHAR|ENSEMBL_HPMR|ENSEMBL_CELLPHONEDB|ENSEMBL_SINGLECELLSIGNALR|RBBH_DLRP|RBBH_IUPHAR|RBBH_HPMR|RBBH_CELLPHONEDB|RBBH_SINGLECELLSIGNALR,Anole lizard,28377,4211
Panthera pardus,Ppr,ENSEMBL_DLRP|ENSEMBL_IUPHAR|ENSEMBL_HPMR|ENSEMBL_CELLPHONEDB|ENSEMBL_SINGLECELLSIGNALR,Leopard,9691,4173
Mus pahari,Mpa,ENSEMBL_DLRP|ENSEMBL_IUPHAR|ENSEMBL_HPMR|ENSEMBL_CELLPHONEDB|ENSEMBL_SINGLECELLSIGNALR,Shrew mouse,10093,4154
Chinchilla lanigera,Cla,ENSEMBL_DLRP|ENSEMBL_IUPHAR|ENSEMBL_HPMR|ENSEMBL_CELLPHONEDB|ENSEMBL_SINGLECELLSIGNALR,Long-tailed chinchilla,34839,4094
Mesocricetus auratus,Mau,ENSEMBL_DLRP|ENSEMBL_IUPHAR|ENSEMBL_HPMR|ENSEMBL_CELLPHONEDB|ENSEMBL_SINGLECELLSIGNALR,Golden Hamster,10036,3971
Propithecus coquereli,Pco,ENSEMBL_DLRP|ENSEMBL_IUPHAR|ENSEMBL_HPMR|ENSEMBL_CELLPHONEDB|ENSEMBL_SINGLECELLSIGNALR,Coquerel's sifaka,379532,3788
Mustela putorius furo,Mpf,ENSEMBL_DLRP|ENSEMBL_IUPHAR|ENSEMBL_HPMR|ENSEMBL_CELLPHONEDB|ENSEMBL_SINGLECELLSIGNALR,Ferret,9669,3741
Sarcophilus harrisii,Sha,ENSEMBL_DLRP|ENSEMBL_IUPHAR|ENSEMBL_HPMR|ENSEMBL_CELLPHONEDB|ENSEMBL_SINGLECELLSIGNALR,Tasmanian devil,9305,3727
Vombatus ursinus,Vur,ENSEMBL_DLRP|ENSEMBL_IUPHAR|ENSEMBL_HPMR|ENSEMBL_CELLPHONEDB|ENSEMBL_SINGLECELLSIGNALR,Common wombat,29139,3667
Octodon degus,Ode,ENSEMBL_DLRP|ENSEMBL_IUPHAR|ENSEMBL_HPMR|ENSEMBL_CELLPHONEDB|ENSEMBL_SINGLECELLSIGNALR,Degu,10160,3655
Jaculus jaculus,Jja,ENSEMBL_DLRP|ENSEMBL_IUPHAR|ENSEMBL_HPMR|ENSEMBL_CELLPHONEDB|ENSEMBL_SINGLECELLSIGNALR,Lesser Egyptian jerboa,51337,3588
Vulpes vulpes,Vvu,ENSEMBL_DLRP|ENSEMBL_IUPHAR|ENSEMBL_HPMR|ENSEMBL_CELLPHONEDB|ENSEMBL_SINGLECELLSIGNALR,Red fox,9627,3559
Bison bison bison,Bbb,ENSEMBL_DLRP|ENSEMBL_IUPHAR|ENSEMBL_HPMR|ENSEMBL_CELLPHONEDB|ENSEMBL_SINGLECELLSIGNALR,American bison,43346,3491
Canis lupus dingo,Cld,ENSEMBL_DLRP|ENSEMBL_IUPHAR|ENSEMBL_HPMR|ENSEMBL_CELLPHONEDB|ENSEMBL_SINGLECELLSIGNALR,Dingo,286419,3472
Dipodomys ordii,Dor,ENSEMBL_DLRP|ENSEMBL_IUPHAR|ENSEMBL_HPMR|ENSEMBL_CELLPHONEDB|ENSEMBL_SINGLECELLSIGNALR,Kangaroo rat,10020,3357
Marmota marmota marmota,Mmm,ENSEMBL_DLRP|ENSEMBL_IUPHAR|ENSEMBL_HPMR|ENSEMBL_CELLPHONEDB|ENSEMBL_SINGLECELLSIGNALR,Alpine marmot,9994,3224
Neovison vison,Nvi,ENSEMBL_DLRP|ENSEMBL_IUPHAR|ENSEMBL_HPMR|ENSEMBL_CELLPHONEDB|ENSEMBL_SINGLECELLSIGNALR,American mink,452646,3204
Myotis lucifugus,Mlu,ENSEMBL_DLRP|ENSEMBL_IUPHAR|ENSEMBL_HPMR|ENSEMBL_CELLPHONEDB|ENSEMBL_SINGLECELLSIGNALR,Microbat,59463,3079
Carlito syrichta,Csy,ENSEMBL_DLRP|ENSEMBL_IUPHAR|ENSEMBL_HPMR|ENSEMBL_CELLPHONEDB|ENSEMBL_SINGLECELLSIGNALR,Tarsier,1868482,3060
Strigops habroptila,Shb,ENSEMBL_DLRP|ENSEMBL_IUPHAR|ENSEMBL_HPMR|ENSEMBL_CELLPHONEDB|ENSEMBL_SINGLECELLSIGNALR,Kakapo,2489341,3036
Pygocentrus nattereri,Pna,ENSEMBL_DLRP|ENSEMBL_IUPHAR|ENSEMBL_HPMR|ENSEMBL_CELLPHONEDB|ENSEMBL_SINGLECELLSIGNALR,Red-bellied piranha,42514,2877
Felis catus,Fca,ENSEMBL_DLRP|ENSEMBL_IUPHAR|ENSEMBL_HPMR|ENSEMBL_CELLPHONEDB|ENSEMBL_SINGLECELLSIGNALR,Cat,9685,2860
Larimichthys crocea,Lcr,ENSEMBL_DLRP|ENSEMBL_IUPHAR|ENSEMBL_HPMR|ENSEMBL_CELLPHONEDB|ENSEMBL_SINGLECELLSIGNALR,Large yellow croaker,215358,2857
Labrus bergylta,Lbe,ENSEMBL_DLRP|ENSEMBL_IUPHAR|ENSEMBL_HPMR|ENSEMBL_CELLPHONEDB|ENSEMBL_SINGLECELLSIGNALR,Ballan wrasse,56723,2769
Scleropages formosus,Sfo,ENSEMBL_DLRP|ENSEMBL_IUPHAR|ENSEMBL_HPMR|ENSEMBL_CELLPHONEDB|ENSEMBL_SINGLECELLSIGNALR,Asian bonytongue,113540,2754
Ficedula albicollis,Fal,ENSEMBL_DLRP|ENSEMBL_IUPHAR|ENSEMBL_HPMR|ENSEMBL_CELLPHONEDB|ENSEMBL_SINGLECELLSIGNALR,Flycatcher,59894,2740
Sparus aurata,Sau,ENSEMBL_DLRP|ENSEMBL_IUPHAR|ENSEMBL_HPMR|ENSEMBL_CELLPHONEDB|ENSEMBL_SINGLECELLSIGNALR,Gilthead seabream,8175,2719
Mastacembelus armatus,Mar,ENSEMBL_DLRP|ENSEMBL_IUPHAR|ENSEMBL_HPMR|ENSEMBL_CELLPHONEDB|ENSEMBL_SINGLECELLSIGNALR,Zig-zag eel,205130,2683
Seriola dumerili,Sdu,ENSEMBL_DLRP|ENSEMBL_IUPHAR|ENSEMBL_HPMR|ENSEMBL_CELLPHONEDB|ENSEMBL_SINGLECELLSIGNALR,Greater amberjack,41447,2665
Aquila chrysaetos chrysaetos,Acc,ENSEMBL_DLRP|ENSEMBL_IUPHAR|ENSEMBL_HPMR|ENSEMBL_CELLPHONEDB|ENSEMBL_SINGLECELLSIGNALR,Golden eagle,223781,2661
Haplochromis burtoni,Hbu,ENSEMBL_DLRP|ENSEMBL_IUPHAR|ENSEMBL_HPMR|ENSEMBL_CELLPHONEDB|ENSEMBL_SINGLECELLSIGNALR,Burton's mouthbrooder,8153,2656
Seriola lalandi dorsalis,Sld,ENSEMBL_DLRP|ENSEMBL_IUPHAR|ENSEMBL_HPMR|ENSEMBL_CELLPHONEDB|ENSEMBL_SINGLECELLSIGNALR,Yellowtail amberjack,1841481,2656
Salmo salar,Ssa,ENSEMBL_DLRP|ENSEMBL_IUPHAR|ENSEMBL_HPMR|ENSEMBL_CELLPHONEDB|ENSEMBL_SINGLECELLSIGNALR,Atlantic salmon,8030,2643
Maylandia zebra,Mze,ENSEMBL_DLRP|ENSEMBL_IUPHAR|ENSEMBL_HPMR|ENSEMBL_CELLPHONEDB|ENSEMBL_SINGLECELLSIGNALR,Zebra mbuna,106582,2640
Denticeps clupeoides,Dcl,ENSEMBL_DLRP|ENSEMBL_IUPHAR|ENSEMBL_HPMR|ENSEMBL_CELLPHONEDB|ENSEMBL_SINGLECELLSIGNALR,Denticle herring,299321,2564
Coturnix japonica,Cjp,ENSEMBL_DLRP|ENSEMBL_IUPHAR|ENSEMBL_HPMR|ENSEMBL_CELLPHONEDB|ENSEMBL_SINGLECELLSIGNALR,Japanese quail,93934,2518
Pundamilia nyererei,Pny,ENSEMBL_DLRP|ENSEMBL_IUPHAR|ENSEMBL_HPMR|ENSEMBL_CELLPHONEDB|ENSEMBL_SINGLECELLSIGNALR,Makobe Island cichlid,303518,2499
Takifugu rubripes,Tru,ENSEMBL_DLRP|ENSEMBL_IUPHAR|ENSEMBL_HPMR|ENSEMBL_CELLPHONEDB|ENSEMBL_SINGLECELLSIGNALR,Fugu,31033,2476
Cynoglossus semilaevis,Cse,ENSEMBL_DLRP|ENSEMBL_IUPHAR|ENSEMBL_HPMR|ENSEMBL_CELLPHONEDB|ENSEMBL_SINGLECELLSIGNALR,Tongue sole,244447,2470
Chrysemys picta bellii,Cpb,ENSEMBL_DLRP|ENSEMBL_IUPHAR|ENSEMBL_HPMR|ENSEMBL_CELLPHONEDB|ENSEMBL_SINGLECELLSIGNALR,Painted turtle,8478,2452
Electrophorus electricus,Eel,ENSEMBL_DLRP|ENSEMBL_IUPHAR|ENSEMBL_HPMR|ENSEMBL_CELLPHONEDB|ENSEMBL_SINGLECELLSIGNALR,Electric eel,8005,2436
Poecilia reticulata,Pre,ENSEMBL_DLRP|ENSEMBL_IUPHAR|ENSEMBL_HPMR|ENSEMBL_CELLPHONEDB|ENSEMBL_SINGLECELLSIGNALR,Guppy,8081,2406
Cottoperca gobio,Cgo,ENSEMBL_DLRP|ENSEMBL_IUPHAR|ENSEMBL_HPMR|ENSEMBL_CELLPHONEDB|ENSEMBL_SINGLECELLSIGNALR,Channel bull blenny,56716,2392
Anabas testudineus,Ate,ENSEMBL_DLRP|ENSEMBL_IUPHAR|ENSEMBL_HPMR|ENSEMBL_CELLPHONEDB|ENSEMBL_SINGLECELLSIGNALR,Climbing perch,64144,2390
Cyprinodon variegatus,Cva,ENSEMBL_DLRP|ENSEMBL_IUPHAR|ENSEMBL_HPMR|ENSEMBL_CELLPHONEDB|ENSEMBL_SINGLECELLSIGNALR,Sheepshead minnow,28743,2378
Fundulus heteroclitus,Fhe,ENSEMBL_DLRP|ENSEMBL_IUPHAR|ENSEMBL_HPMR|ENSEMBL_CELLPHONEDB|ENSEMBL_SINGLECELLSIGNALR,Mummichog,8078,2363
Lepisosteus oculatus,Loc,ENSEMBL_DLRP|ENSEMBL_IUPHAR|ENSEMBL_HPMR|ENSEMBL_CELLPHONEDB|ENSEMBL_SINGLECELLSIGNALR,Spotted gar,7918,2359
Myripristis murdjan,Mmd,ENSEMBL_DLRP|ENSEMBL_IUPHAR|ENSEMBL_HPMR|ENSEMBL_CELLPHONEDB|ENSEMBL_SINGLECELLSIGNALR,Pinecone soldierfish,586833,2287
Pelodiscus sinensis,Psi,ENSEMBL_DLRP|ENSEMBL_IUPHAR|ENSEMBL_HPMR|ENSEMBL_CELLPHONEDB|ENSEMBL_SINGLECELLSIGNALR,Chinese softshell turtle,13735,2275
Poecilia latipinna,Pla,ENSEMBL_DLRP|ENSEMBL_IUPHAR|ENSEMBL_HPMR|ENSEMBL_CELLPHONEDB|ENSEMBL_SINGLECELLSIGNALR,Sailfin molly,48699,2166
Hippocampus comes,Hco,ENSEMBL_DLRP|ENSEMBL_IUPHAR|ENSEMBL_HPMR|ENSEMBL_CELLPHONEDB|ENSEMBL_SINGLECELLSIGNALR,Tiger tail seahorse,109280,2110
Crocodylus porosus,Cpr,ENSEMBL_DLRP|ENSEMBL_IUPHAR|ENSEMBL_HPMR|ENSEMBL_CELLPHONEDB|ENSEMBL_SINGLECELLSIGNALR,Australian saltwater crocodile,8502,2078
Phascolarctos cinereus,Pci,ENSEMBL_DLRP|ENSEMBL_IUPHAR|ENSEMBL_HPMR|ENSEMBL_CELLPHONEDB|ENSEMBL_SINGLECELLSIGNALR,Koala,38626,2066
Camelus dromedarius,Cdr,ENSEMBL_DLRP|ENSEMBL_IUPHAR|ENSEMBL_HPMR|ENSEMBL_CELLPHONEDB|ENSEMBL_SINGLECELLSIGNALR,Arabian camel,9838,2044
Clupea harengus,Cha,ENSEMBL_DLRP|ENSEMBL_IUPHAR|ENSEMBL_HPMR|ENSEMBL_CELLPHONEDB|ENSEMBL_SINGLECELLSIGNALR,Atlantic herring,7950,2015
Bos mutus,Bmu,ENSEMBL_DLRP|ENSEMBL_IUPHAR|ENSEMBL_HPMR|ENSEMBL_CELLPHONEDB|ENSEMBL_SINGLECELLSIGNALR,Wild yak,72004,1995
Astatotilapia calliptera,Acl,ENSEMBL_DLRP|ENSEMBL_IUPHAR|ENSEMBL_HPMR|ENSEMBL_CELLPHONEDB|ENSEMBL_SINGLECELLSIGNALR,Eastern happy,8154,1976
Erpetoichthys calabaricus,Ecl,ENSEMBL_DLRP|ENSEMBL_IUPHAR|ENSEMBL_HPMR|ENSEMBL_CELLPHONEDB|ENSEMBL_SINGLECELLSIGNALR,Reedfish,27687,1927
Latimeria chalumnae,Lch,ENSEMBL_DLRP|ENSEMBL_IUPHAR|ENSEMBL_HPMR|ENSEMBL_CELLPHONEDB|ENSEMBL_SINGLECELLSIGNALR,Coelacanth,7897,1880
Chlorocebus sabaeus,Csa,ENSEMBL_DLRP|ENSEMBL_IUPHAR|ENSEMBL_HPMR|ENSEMBL_CELLPHONEDB|ENSEMBL_SINGLECELLSIGNALR,Green monkey,60711,1847
Oryzias melastigma,Ome,ENSEMBL_DLRP|ENSEMBL_IUPHAR|ENSEMBL_HPMR|ENSEMBL_CELLPHONEDB|ENSEMBL_SINGLECELLSIGNALR,Indian medaka,30732,1834
Peromyscus maniculatus bairdii,Pmb,ENSEMBL_DLRP|ENSEMBL_IUPHAR|ENSEMBL_HPMR|ENSEMBL_CELLPHONEDB|ENSEMBL_SINGLECELLSIGNALR,Northern American deer mouse,230844,1768
Macaca fascicularis,Mfa,ENSEMBL_DLRP|ENSEMBL_IUPHAR|ENSEMBL_HPMR|ENSEMBL_CELLPHONEDB|ENSEMBL_SINGLECELLSIGNALR,Crab-eating macaque,9541,1739
Heterocephalus glaber,Hgl,ENSEMBL_DLRP|ENSEMBL_IUPHAR|ENSEMBL_HPMR|ENSEMBL_CELLPHONEDB|ENSEMBL_SINGLECELLSIGNALR,Naked mole-rat female,10181,1654
Ictalurus punctatus,Ipu,ENSEMBL_DLRP|ENSEMBL_IUPHAR|ENSEMBL_HPMR|ENSEMBL_CELLPHONEDB|ENSEMBL_SINGLECELLSIGNALR,Channel catfish,7998,1568
Poecilia formosa,Pfo,ENSEMBL_DLRP|ENSEMBL_IUPHAR|ENSEMBL_HPMR|ENSEMBL_CELLPHONEDB|ENSEMBL_SINGLECELLSIGNALR,Amazon molly,48698,1500
Lates calcarifer,Lca,ENSEMBL_DLRP|ENSEMBL_IUPHAR|ENSEMBL_HPMR|ENSEMBL_CELLPHONEDB|ENSEMBL_SINGLECELLSIGNALR,Barramundi perch,8187,1429
Ursus maritimus,Uma,ENSEMBL_DLRP|ENSEMBL_IUPHAR|ENSEMBL_HPMR|ENSEMBL_CELLPHONEDB|ENSEMBL_SINGLECELLSIGNALR,Polar bear,29073,1297
Gadus morhua,Gmo,ENSEMBL_DLRP|ENSEMBL_IUPHAR|ENSEMBL_HPMR|ENSEMBL_CELLPHONEDB|ENSEMBL_SINGLECELLSIGNALR,Cod,8049,1135
Serinus canaria,Sca,ENSEMBL_DLRP|ENSEMBL_IUPHAR|ENSEMBL_HPMR|ENSEMBL_CELLPHONEDB|ENSEMBL_SINGLECELLSIGNALR,Common canary,9135,1073
Arabidopsis thaliana,Ath,SWISSPROT_STRING|TREMBL_STRING,Thale cress,3702,942
Dasypus novemcinctus,Dno,ENSEMBL_DLRP|ENSEMBL_IUPHAR|ENSEMBL_HPMR|ENSEMBL_CELLPHONEDB|ENSEMBL_SINGLECELLSIGNALR,Armadillo,9361,645
Caenorhabditis elegans,Cel,ENSEMBL_DLRP|ENSEMBL_IUPHAR|ENSEMBL_HPMR|ENSEMBL_CELLPHONEDB|ENSEMBL_SINGLECELLSIGNALR|SWISSPROT_STRING|TREMBL_STRING,Worm,6239,538
Astyanax mexicanus,Amx,ENSEMBL_DLRP|ENSEMBL_IUPHAR|ENSEMBL_HPMR|ENSEMBL_CELLPHONEDB|ENSEMBL_SINGLECELLSIGNALR,Mexican tetra,7994,392
Ciona intestinalis,Cin,ENSEMBL_DLRP|ENSEMBL_IUPHAR|ENSEMBL_HPMR|ENSEMBL_CELLPHONEDB|ENSEMBL_SINGLECELLSIGNALR|RBBH_DLRP|RBBH_IUPHAR|RBBH_HPMR|RBBH_CELLPHONEDB|RBBH_SINGLECELLSIGNALR,Sea squirt,7719,280
Branchiostoma floridae,Bfl,RBBH_DLRP|RBBH_IUPHAR|RBBH_HPMR|RBBH_CELLPHONEDB|RBBH_SINGLECELLSIGNALR,Lancelet,7739,228
Tursiops truncatus,Ttr,ENSEMBL_DLRP|ENSEMBL_IUPHAR|ENSEMBL_HPMR|ENSEMBL_CELLPHONEDB|ENSEMBL_SINGLECELLSIGNALR,Dolphin,9739,204
Pteropus vampyrus,Pva,ENSEMBL_DLRP|ENSEMBL_IUPHAR|ENSEMBL_HPMR|ENSEMBL_CELLPHONEDB|ENSEMBL_SINGLECELLSIGNALR,Megabat,132908,188
Strongylocentrotus purpuratus,Spu,RBBH_DLRP|RBBH_IUPHAR|RBBH_HPMR|RBBH_CELLPHONEDB|RBBH_SINGLECELLSIGNALR,Purple sea urchin,7668,177
Drosophila sechellia,Dse,RBBH_DLRP|RBBH_IUPHAR|RBBH_HPMR|RBBH_CELLPHONEDB|RBBH_SINGLECELLSIGNALR,Fruit fly,7238,130
Drosophila erecta,Der,RBBH_DLRP|RBBH_IUPHAR|RBBH_HPMR|RBBH_CELLPHONEDB|RBBH_SINGLECELLSIGNALR,Fruit fly,7220,129
Drosophila yakuba,Dya,RBBH_DLRP|RBBH_IUPHAR|RBBH_HPMR|RBBH_CELLPHONEDB|RBBH_SINGLECELLSIGNALR,Fruit fly,7245,127
Drosophila simulans,Dsi,RBBH_DLRP|RBBH_IUPHAR|RBBH_HPMR|RBBH_CELLPHONEDB|RBBH_SINGLECELLSIGNALR,Fruit fly,7240,126
Drosophila persimilis,Dpe,RBBH_DLRP|RBBH_IUPHAR|RBBH_HPMR|RBBH_CELLPHONEDB|RBBH_SINGLECELLSIGNALR,Fruit fly,7234,121
Drosophila mojavensis,Dmo,RBBH_DLRP|RBBH_IUPHAR|RBBH_HPMR|RBBH_CELLPHONEDB|RBBH_SINGLECELLSIGNALR,Fruit fly,7230,117
Drosophila ananassae,Dan,RBBH_DLRP|RBBH_IUPHAR|RBBH_HPMR|RBBH_CELLPHONEDB|RBBH_SINGLECELLSIGNALR,Fruit fly,7217,114
Drosophila virilis,Dvi,RBBH_DLRP|RBBH_IUPHAR|RBBH_HPMR|RBBH_CELLPHONEDB|RBBH_SINGLECELLSIGNALR,Fruit fly,7244,114
Apis mellifera,Aml,RBBH_DLRP|RBBH_IUPHAR|RBBH_HPMR|RBBH_CELLPHONEDB|RBBH_SINGLECELLSIGNALR,Honey bee,7460,108
Drosophila grimshawi,Dgr,RBBH_DLRP|RBBH_IUPHAR|RBBH_HPMR|RBBH_CELLPHONEDB|RBBH_SINGLECELLSIGNALR,Fruit fly,7222,107
